-56.6231884057971,4.94,468.154589371981
-56.5970873786408,4.92,455.873786407767
-56.7242990654206,4.94,460.579439252337
-56.9029126213592,4.94,460.73786407767
-56.5388349514563,4.94,454.941747572816
-56.6183574879227,4.92,464.280193236715
-56.607476635514,4.92,470.439252336449
-56.6601941747573,4.89,471.417475728155
-56.6844660194175,4.96,452.757281553398
-56.8834951456311,4.92,468.058252427184
-56.8046511627907,4.89,479.302325581396
-56.6553398058252,4.92,459.78640776699
-56.5922330097087,4.89,481.368932038835
-56.5512195121951,4.92,462.868292682927
-56.6,4.94,460.353488372093
-56.6570048309179,4.89,466.898550724638
-56.4805825242718,4.92,463.932038834952
-56.5339805825243,4.92,473.543689320388
-56.4320388349515,4.89,474.330097087379
-56.5797101449275,4.85,468.048309178744
-56.4223300970874,4.92,500.407766990291
-56.4859813084112,4.89,471
-56.4466019417476,4.92,465.543689320388
-56.5485436893204,4.92,476.582524271845
-56.4927536231884,4.92,455.381642512077
-56.4018691588785,4.94,461.85046728972
-56.495145631068,4.94,462.21359223301
-56.4611650485437,4.89,477.699029126214
-56.5194174757282,4.94,448.485436893204
-56.446511627907,4.94,457.562790697674
-56.3091787439614,4.89,475.12077294686
-56.3106796116505,4.92,452.669902912621
-56.2621359223301,4.92,460.669902912621
-56.5720930232558,4.94,458.046511627907
-56.3203883495146,4.92,473.145631067961
-56.3058252427184,4.89,476.116504854369
-56.3689320388349,4.92,462.339805825243
-56.4854368932039,4.92,475.029126213592
-56.353488372093,4.92,460.204651162791
-56.3640776699029,4.96,453.126213592233
-56.5145631067961,4.87,469.252427184466
-56.3504672897196,4.94,464.691588785047
-56.5458937198068,4.92,458.521739130435
-56.4854368932039,4.89,481.883495145631
-56.5388349514563,4.94,461.52427184466
-56.5797101449275,4.89,462.202898550725
-56.5327102803738,4.94,455.03738317757
-56.4202898550725,4.94,465.236714975845
-56.4514563106796,4.92,460.825242718447
-56.4077669902913,4.89,471.572815533981
-56.6635514018692,4.94,465.96261682243
-56.6067961165049,4.89,474.058252427184
-56.3768115942029,4.94,456.743961352657
-56.4579439252336,4.96,450.88785046729
-56.6165048543689,4.89,475.553398058252
-56.5679611650485,4.94,454.563106796117
-56.5533980582524,4.94,458.495145631068
-56.646511627907,4.92,467.786046511628
-56.6067961165049,4.92,454.805825242719
-56.5533980582524,4.92,469.242718446602
-56.4782608695652,4.87,481.458937198068
-56.5533980582524,4.89,477.572815533981
-56.5024154589372,4.89,479.739130434783
-56.6588785046729,4.94,461.327102803738
-56.4854368932039,4.94,451.825242718447
-56.7184466019417,4.92,469.78640776699
-56.5582524271845,4.89,476.844660194175
-56.4837209302326,4.92,476.418604651163
-56.4271844660194,4.94,450.553398058252
-56.3980582524272,4.94,456.165048543689
-56.6407766990291,4.92,470.873786407767
-56.6279069767442,4.92,467.739534883721
-56.5291262135922,4.89,469.660194174757
-56.626213592233,4.92,470.805825242719
-56.5467289719626,4.96,451.654205607477
-56.5555555555556,4.92,459.623188405797
-56.626213592233,4.92,471.660194174757
-56.536231884058,4.94,458.946859903382
-56.4509803921569,4.87,481.696078431372
-56.530612244898,4.90,516
-64.018691588785,4.92,467.392523364486
-64.0434782608696,4.92,466.695652173913
-64.0582524271845,4.94,454.864077669903
-64.0289855072464,4.92,477.188405797101
-64.0772946859903,4.92,449.178743961353
-64.0607476635514,4.92,465.140186915888
-64.0825242718447,4.96,453.922330097088
-64.126213592233,4.87,477.553398058252
-64.0579710144928,4.92,464.541062801932
-64.0654205607477,4.92,466.96261682243
-64.1067961165049,4.89,474.640776699029
-64.0097087378641,4.89,485.407766990291
-64.0291262135922,4.94,458.019417475728
-64.1449275362319,4.92,460.657004830918
-64.0560747663551,4.92,465.26168224299
-64.0539215686274,4.92,471.519607843137
-64.0485436893204,4.89,478.242718446602
-63.9581395348837,4.92,462.33488372093
-64.0289855072464,4.96,442.028985507246
-63.9126213592233,4.89,479.47572815534
-63.9417475728155,4.92,466.21359223301
-63.9855072463768,4.87,484.676328502415
-63.8551401869159,4.94,461.616822429907
-63.9271844660194,4.92,470.582524271845
-63.9077669902913,4.89,474.291262135922
-64,4.92,465.815533980583
-63.8599033816425,4.92,454.454106280193
-63.8598130841121,4.94,463.07476635514
-63.8640776699029,4.87,484.78640776699
-63.7961165048544,4.94,462.553398058252
-63.8155339805825,4.92,457.68932038835
-63.9813953488372,4.94,465.683720930233
-63.8834951456311,4.94,453.029126213592
-63.8599033816425,4.89,477.36231884058
-63.8689320388349,4.89,484.097087378641
-63.9611650485437,4.94,455.805825242719
-63.8976744186047,4.92,460.53023255814
-64.0242718446602,4.92,467.339805825243
-63.9174757281553,4.89,477.961165048544
-63.9174757281553,4.94,457.339805825243
-63.9023255813953,4.94,458.697674418604
-63.8592233009709,4.89,473.708737864078
-63.8349514563107,4.94,460
-63.8543689320388,4.92,465.805825242719
-63.953488372093,4.96,449.572093023256
-64,4.92,467.582524271845
-63.8932038834951,4.92,460.504854368932
-64.0607476635514,4.94,462.448598130841
-63.9323671497585,4.89,481.265700483092
-63.995145631068,4.89,471.553398058252
-63.9323671497585,4.92,470.24154589372
-63.9611650485437,4.92,472.097087378641
-64.0485436893204,4.89,476.145631067961
-63.9906542056075,4.94,455.467289719626
-64.0338164251208,4.87,493.652173913043
-64.0194174757282,4.94,456.504854368932
-63.9757281553398,4.94,449.912621359224
-63.9805825242718,4.89,480
-63.9205607476636,4.89,475
-63.9565217391304,4.94,463.806763285024
-63.995145631068,4.94,454.135922330097
-63.9672897196262,4.96,445.214953271028
-63.9902912621359,4.92,463.446601941748
-63.9854368932039,4.94,461.825242718447
-63.9468599033816,4.89,466.985507246377
-63.9953488372093,4.92,461.451162790698
-64.0097087378641,4.94,461.330097087379
-63.9320388349515,4.89,475.038834951456
-63.9708737864078,4.92,466.757281553398
-63.8937198067633,4.89,474.473429951691
-63.9466019417476,4.89,485.466019417476
-64.0093457943925,4.94,454.26168224299
-63.9805825242718,4.92,472.300970873786
-63.9708737864078,4.89,479.902912621359
-63.9951690821256,4.92,466.714975845411
-63.9660194174757,4.89,474.252427184466
-63.9719626168224,4.89,474.130841121495
-63.9854368932039,4.92,471.495145631068
-63.9805825242718,4.92,466.058252427184
-63.9512195121951,4.92,505.560975609756
-58.878640776699,4.92,469.456310679612
-58.8738317757009,4.94,458.308411214953
-58.8300970873786,4.89,476.52427184466
-58.8888888888889,4.89,475.36231884058
-58.6990291262136,4.92,456
-58.8697674418605,4.96,441.646511627907
-58.7669902912621,4.89,461.805825242719
-58.8883495145631,4.92,470.339805825243
-58.7342995169082,4.92,464.695652173913
-58.811320754717,4.94,454.066037735849
-58.6747572815534,4.96,451.339805825243
-58.646511627907,4.92,464.409302325581
-58.6407766990291,4.92,464.728155339806
-58.6699029126214,4.92,463.271844660194
-58.7056074766355,4.94,463.308411214953
-58.6280193236715,4.94,456.869565217391
-58.6699029126214,4.92,467.553398058252
-58.8543689320388,4.94,448.883495145631
-58.6401869158879,4.92,467.607476635514
-58.6456310679612,4.94,454.922330097088
-58.6763285024155,4.92,472.840579710145
-58.6811594202899,4.94,453.555555555556
-58.6811594202899,4.87,479.536231884058
-58.8177570093458,4.92,469.85046728972
-58.7536231884058,4.92,461.855072463768
-58.7572815533981,4.92,466.087378640776
-58.7087378640777,4.92,474.718446601942
-58.7803738317757,4.92,469.570093457944
-58.6699029126214,4.89,462.21359223301
-58.6763285024155,4.87,494.975845410628
-58.7718446601942,4.92,465.407766990291
-58.5873786407767,4.92,461.873786407767
-58.7196261682243,4.96,449.523364485981
-58.6601941747573,4.92,471.135922330097
-58.6811594202899,4.94,450.763285024155
-58.6601941747573,4.92,463.029126213592
-58.7441860465116,4.92,472.809302325581
-58.6067961165049,4.89,465.165048543689
-58.6504854368932,4.94,451.611650485437
-58.7826086956522,4.92,470.995169082126
-58.5841121495327,4.92,468.654205607477
-58.5194174757282,4.87,491.466019417476
-58.6747572815534,4.94,454.902912621359
-58.7669902912621,4.92,463.417475728155
-58.6859903381643,4.89,469.19806763285
-58.6067961165049,4.89,483.834951456311
-58.6214953271028,4.89,475.028037383177
-58.5970873786408,4.94,463.368932038835
-58.6504854368932,4.92,463.533980582524
-58.5652173913044,4.94,450.405797101449
-58.5794392523364,4.89,477.654205607477
-58.5145631067961,4.94,460.252427184466
-58.6618357487923,4.94,453.159420289855
-58.6601941747573,4.92,476.252427184466
-58.5700483091787,4.89,467.497584541063
-58.6915887850467,4.94,465.728971962617
-58.495145631068,4.94,452.601941747573
-58.4466019417476,4.92,464.621359223301
-58.5953488372093,4.94,453.776744186046
-58.6699029126214,4.92,475.941747572816
-58.6407766990291,4.94,452.330097087379
-58.6728971962617,4.96,449.495327102804
-58.6763285024155,4.89,468.531400966183
-58.5582524271845,4.94,463.747572815534
-58.6728971962617,4.94,453.747663551402
-58.5776699029126,4.94,458.980582524272
-58.5339805825243,4.89,477.73786407767
-58.5652173913044,4.89,471.739130434783
-58.5388349514563,4.92,473.961165048544
-58.6139534883721,4.94,460.074418604651
-58.6359223300971,4.87,480.621359223301
-58.71875,0.894,531.4375
-58.6650485436893,4.85,534.135922330097
-59.0145631067961,4.92,463.009708737864
-58.7087378640777,4.92,467.407766990291
-58.7632850241546,4.92,472.87922705314
-58.8058252427184,4.89,470.223300970874
-58.6869158878505,4.96,454.130841121495
-58.65625,4.81,508.5625
-60.1674418604651,4.96,445.944186046512
-60.1650485436893,4.92,469.019417475728
-60.1844660194175,4.94,458.834951456311
-60.2803738317757,4.96,446.205607476636
-60.1844660194175,4.94,453.223300970874
-60.1980676328502,4.92,472.086956521739
-60.0934579439252,4.92,459.766355140187
-60.2718446601942,4.94,461.349514563107
-60.2173913043478,4.89,476.599033816425
-60.1121951219512,4.89,470.243902439024
-60.2196261682243,4.89,474.03738317757
-60.2718446601942,4.94,459.669902912621
-60.2621359223301,4.89,476.47572815534
-60.247572815534,4.96,441.436893203883
-60.2790697674419,4.92,476.8
-60.3640776699029,4.89,474.436893203883
-60.3834951456311,4.92,472.844660194175
-60.2038834951456,4.89,463.291262135922
-60.2135922330097,4.92,463.825242718447
-60.2883720930233,4.96,443.358139534884
-60.1893203883495,4.92,467.922330097088
-60.4065420560748,4.96,451.654205607477
-60.231884057971,4.89,469.256038647343
-60.2281553398058,4.94,454.631067961165
-60.1352657004831,4.89,478.357487922705
-60.2864077669903,4.92,465.194174757281
-60.3255813953488,4.92,468.613953488372
-60.1747572815534,4.89,470.019417475728
-60.4029126213592,4.92,467.495145631068
-60.1747572815534,4.89,480.873786407767
-60.0631067961165,4.94,460
-60.3155339805825,4.89,477.058252427184
-60.2232558139535,4.89,469.181395348837
-60.2572815533981,4.92,467.495145631068
-60.373786407767,4.92,461.73786407767
-60.196261682243,4.94,465.457943925234
-60.256038647343,4.92,464.531400966183
-60.2087378640777,4.94,459.339805825243
-60.2184466019417,4.89,479.242718446602
-60.2657004830918,4.89,479.545893719807
-60.1844660194175,4.92,464.970873786408
-60.2766990291262,4.89,475.398058252427
-60.2046511627907,4.92,463.748837209302
-60.2864077669903,4.92,473.427184466019
-60.1893203883495,4.94,460.009708737864
-60.3155339805825,4.92,463.106796116505
-60.306976744186,4.94,456.502325581395
-60.2281553398058,4.87,479.31067961165
-60.2864077669903,4.89,474.485436893204
-60.2621359223301,4.94,462.834951456311
-60.1359223300971,4.89,472.728155339806
-60.1906976744186,4.94,461.795348837209
-60.252427184466,4.89,462.718446601942
-60.2669902912621,4.94,452.932038834952
-60.2418604651163,4.96,453.13488372093
-60.2427184466019,4.92,461.592233009709
-60.2850241545894,4.96,451.92270531401
-60.3317757009346,4.89,471.88785046729
-60.2572815533981,4.92,471.854368932039
-60.2512077294686,4.94,456.057971014493
-60.1650485436893,4.92,467.52427184466
-60.2570093457944,4.94,456.26168224299
-60.252427184466,4.89,470.067961165048
-60.1553398058252,4.94,462.029126213592
-60.2173913043478,4.94,462.193236714976
-60.196261682243,4.89,471.242990654206
-60.1165048543689,4.92,469.660194174757
-60.2718446601942,4.94,457.815533980583
-60.2864077669903,4.94,458.31067961165
-60.2946859903382,4.85,477.333333333333
-60.2056074766355,4.94,456.570093457944
-60.1256038647343,4.96,456.502415458937
-60.2186046511628,4.96,439.637209302326
-60.1990291262136,4.85,485.990291262136
-60.126213592233,4.92,473.145631067961
-60.1699029126214,4.94,453.271844660194
-60.1747572815534,4.92,465.349514563107
-60.106976744186,4.92,455.53488372093
-60.2718446601942,4.89,471.359223300971
-59.925,4.92,501.95
-94.7154471544715,0.494,2485.83739837398
-94.4016393442623,0.47,2256.95081967213
-94.3711340206186,0.447,3327.09278350515
-94.4433962264151,0.494,2967.03773584906
-94.2,0.447,3340.37777777778
-94.3775510204082,0.47,3317.20408163265
-94.4020618556701,0.494,3024.74226804124
-94.4245283018868,0.47,2741.33962264151
-94.5408163265306,0.47,3454.44897959184
-94.6966292134831,0.447,3422.13483146067
-94.4285714285714,0.47,3516.77551020408
-94.5047619047619,0.494,2775.98095238095
-94.4111111111111,0.47,3753.84444444444
-94.5308641975309,0.47,3847.23456790123
-94.5360824742268,0.47,3331.9587628866
-94.6326530612245,0.47,3527.9387755102
-94.7078651685393,0.47,3344.49438202247
-50.4790697674419,4.94,462.409302325581
-50.3155339805825,4.89,471.271844660194
-50.1545893719807,4.92,471.903381642512
-50.3106796116505,4.92,467.660194174757
-50.2710280373832,4.94,453.383177570093
-50.2367149758454,4.89,479.990338164251
-50.1650485436893,4.92,472.679611650486
-50.252427184466,4.94,454.990291262136
-50.304347826087,4.89,481.091787439614
-50.2232558139535,4.94,441.041860465116
-50.2367149758454,4.94,454.927536231884
-50.3480392156863,4.92,472.480392156863
-50.2943925233645,4.92,462.495327102804
-50.252427184466,4.94,452.388349514563
-50.1835748792271,4.89,483.458937198068
-50.2572815533981,4.89,476.349514563107
-50.2864077669903,4.92,471.04854368932
-50.3058252427184,4.87,475.388349514563
-50.1728971962617,4.94,463.831775700934
-50.2705314009662,4.92,465.285024154589
-50.3155339805825,4.89,460.757281553398
-50.3504672897196,4.92,456.504672897196
-50.1699029126214,4.94,455.320388349514
-50.1594202898551,4.92,476.56038647343
-50.1990291262136,4.89,470.165048543689
-50.2173913043478,4.94,457.314009661836
-50.214953271028,4.92,466.785046728972
-50.3058252427184,4.96,449.184466019417
-50.2697674418605,4.96,447.6
-50.1796116504854,4.89,474.116504854369
-50.2233009708738,4.92,454.368932038835
-50.2766990291262,4.89,477.058252427184
-50.3543689320388,4.94,462.252427184466
-50.2604651162791,4.89,475.990697674419
-50.1019417475728,4.92,467.747572815534
-50.2087378640777,4.89,480.145631067961
-50.2184466019417,4.94,450.398058252427
-50.1504854368932,4.92,463.281553398058
-50.3255813953488,4.89,470.4
-50.2718446601942,4.92,467.291262135922
-50.2125603864734,4.94,462.48309178744
-50.2418604651163,4.96,445.637209302326
-50.2378640776699,4.92,463.582524271845
-50.2281553398058,4.92,461.359223300971
-50.3644859813084,4.96,454.523364485981
-50.2330097087379,4.92,462.029126213592
-50.2463768115942,4.96,444.95652173913
-50.2710280373832,4.94,458.168224299066
-50.121359223301,4.94,459.902912621359
-50.2233009708738,4.92,459.52427184466
-50.2669902912621,4.94,468.990291262136
-50.0744186046512,4.89,463.246511627907
-50.1699029126214,4.96,453.155339805825
-50.0631067961165,4.87,481.73786407767
-50.1601941747573,4.92,476.747572815534
-50.2139534883721,4.94,451.739534883721
-50.1932367149758,4.94,463.275362318841
-50.252427184466,4.89,468.126213592233
-50.1067961165049,4.92,470.553398058252
-50.1893203883495,4.92,471.902912621359
-50.2093023255814,4.87,470.288372093023
-50.2575757575758,4.85,495.535353535353
-50.0841121495327,4.94,463.626168224299
-50.1407766990291,4.92,464.805825242719
-50.0436893203884,4.92,469.436893203883
-50.0631067961165,4.87,480.485436893204
-49.9275362318841,4.87,481.275362318841
-50.0794392523364,4.94,465.654205607477
-50.0582524271845,4.89,463.650485436893
-50.0388349514563,4.92,461.514563106796
-50.0386473429952,4.94,463.256038647343
-49.9488372093023,4.92,464.855813953488
-49.8888888888889,4.94,442.927536231884
-50.0388349514563,4.92,468.873786407767
-50.0485436893204,4.92,467.135922330097
-50.0883720930233,4.92,463.320930232558
-49.9611650485437,4.89,474.04854368932
-49.9902912621359,4.94,445.184466019417
-50.0467289719626,4.89,466.96261682243
-49.7878787878788,4.92,507.272727272727
-91.7632850241546,4.75,545.671497584541
-91.8009708737864,4.85,493.941747572816
-91.6763285024155,4.92,463.478260869565
-91.8260869565217,4.85,479.246376811594
-91.7777777777778,4.87,460.193236714976
-91.7729468599034,4.92,478.009661835749
-91.8212560386473,4.92,467.507246376812
-91.8279069767442,4.92,461.023255813954
-91.6834170854271,4.87,483.326633165829
-91.7621359223301,4.82,482.252427184466
-91.6473429951691,4.89,490.657004830918
-91.646511627907,4.92,473.330232558139
-91.6763285024155,4.92,454.608695652174
-91.5776699029126,4.85,505.31067961165
-91.6763285024155,4.92,463.004830917874
-91.6038647342995,4.89,465.091787439614
-91.5458937198068,4.85,467.855072463768
-91.5700483091787,4.89,484.80193236715
-91.5458937198068,4.87,460.328502415459
-91.6135265700483,4.92,467.265700483092
-91.4782608695652,4.92,474.144927536232
-91.463768115942,4.89,478.647342995169
-91.5652173913043,4.87,484.106280193237
-91.4174757281553,4.85,462.572815533981
-91.3813953488372,4.89,468.502325581395
-91.459595959596,4.80,496.676767676768
-91.5748792270531,4.82,478.183574879227
-91.5116279069767,4.92,478.986046511628
-91.5485436893204,4.89,466.621359223301
-91.6183574879227,4.89,481.130434782609
-91.495145631068,4.87,497.922330097088
-91.5217391304348,4.87,463.777777777778
-91.4271844660194,4.89,458.194174757281
-91.4541062801932,4.89,494.24154589372
-91.5291262135922,4.82,504.330097087379
-91.4975845410628,4.85,498.95652173913
-91.4589371980676,4.85,482.106280193237
-91.4975845410628,4.87,480.425120772947
-91.4492753623188,4.85,481.797101449275
-91.5679611650485,4.89,473.718446601942
-91.3768115942029,4.92,462.463768115942
-91.4029126213592,4.87,488.78640776699
-91.5265700483092,4.85,479.458937198068
-91.4563106796116,4.85,481.52427184466
-91.4927536231884,4.77,500.714975845411
-91.5436893203884,4.89,472.73786407767
-91.2850241545894,4.87,481.12077294686
-91.5776699029126,4.89,455.359223300971
-91.4057971014493,4.85,511.111111111111
-91.3398058252427,4.87,487.04854368932
-91.463768115942,4.85,492.299516908212
-91.5314009661836,4.92,467.333333333333
-91.463768115942,4.89,479.429951690821
-91.4734299516908,4.89,484.096618357488
-91.5797101449275,4.89,471.729468599034
-91.5217391304348,4.87,469.159420289855
-91.3592233009709,4.89,480.31067961165
-91.3574879227053,4.89,480.444444444444
-91.4854368932039,4.82,484.796116504855
-91.4232558139535,4.89,471.274418604651
-91.6038647342995,4.92,460.821256038647
-91.5388349514563,4.92,457.844660194175
-91.56038647343,4.82,508.724637681159
-91.4271844660194,4.89,476.417475728155
-91.5265700483092,4.87,488.917874396135
-91.5147058823529,4.87,492.774509803922
-91.5652173913043,4.89,479.04347826087
-91.5480769230769,4.85,487.932692307692
-91.5652173913043,4.87,488.202898550725
-91.4757281553398,4.87,476.873786407767
-91.4685990338164,4.92,464.299516908212
-91.5291262135922,4.92,468.436893203883
-91.5797101449275,4.80,526.289855072464
-91.6601941747573,4.92,463.145631067961
-91.56038647343,4.85,507.729468599034
-91.6990291262136,4.87,482.174757281553
-91.6280193236715,4.87,479.729468599034
-91.621359223301,4.80,487.194174757281
-91.743961352657,4.87,479.091787439614
-91.53125,4.87,498.5625
-93.2439024390244,1.48,487.10243902439
-93.1813725490196,1.79,488.333333333333
-93.1560975609756,1.67,509.346341463415
-93.1650485436893,2.19,479.291262135922
-93.0243902439024,1.58,495.29756097561
-93.1365853658537,2.09,506.887804878049
-93.0975609756098,2.00,493.39512195122
-93.1951219512195,2.02,526.936585365854
-93.1219512195122,1.93,473.424390243903
-93.1268292682927,2.16,494.575609756097
-93.1830985915493,2.05,453.971830985915
-93.2378640776699,2.19,480.194174757281
-93.1951219512195,2.07,479.512195121951
-93.1601941747573,1.93,523.106796116505
-93.1032863849765,1.88,478.394366197183
-93.1754385964912,1.08,533.140350877193
-93.1754385964912,0.0235,533.140350877193
-93.1792452830189,2.02,3801.58490566038
-93.0243902439024,1.98,480.429268292683
-93.0146341463415,2.12,468.917073170732
-93.2341463414634,1.93,503.814634146342
-93.1775700934579,1.93,426.710280373832
-93.0328638497653,2.52,493.62441314554
-93.2690355329949,1.95,486.741116751269
-93.2439024390244,1.58,483.892682926829
-93.2878048780488,1.86,490.760975609756
-93.1737089201878,1.88,453.258215962441
-93.1116504854369,1.88,482.601941747573
-93.1588785046729,2.16,436.626168224299
-93.1268292682927,2.16,457.053658536585
-93.0878048780488,1.95,495.278048780488
-93.1707317073171,1.88,479.043902439024
-93.196261682243,2.21,475.626168224299
-93.190243902439,2.30,454.907317073171
-93.2682926829268,2.12,479.258536585366
-93.1365853658537,1.69,510.985365853659
-93.2,2.07,478.926829268293
-93.2536585365854,1.93,494.956097560976
-93.2018779342723,1.83,431.032863849765
-93.3058252427184,1.93,481.553398058252
-93.126213592233,2.02,487.941747572816
-93.1079812206573,1.88,506.723004694836
-93.3121951219512,1.79,446.526829268293
-93.2523364485981,2.02,435.476635514019
-93.1512195121951,2.12,462.419512195122
-93.1024390243903,1.74,466.712195121951
-93.1463414634146,1.93,521.882926829268
-93.0873786407767,2.09,519.427184466019
-93.1219512195122,1.79,463.239024390244
-93.1455399061033,1.81,453.840375586854
-93.0878048780488,1.48,506.292682926829
-93.1317073170732,2.14,474.946341463415
-93.1737089201878,1.93,468.046948356808
-93.1804878048781,1.62,448.458536585366
-93.1830985915493,1.91,453.981220657277
-93.0731707317073,1.55,477.951219512195
-93.285046728972,2.00,439.03738317757
-93.0714285714286,1.91,502.785714285714
-93.1261682242991,1.91,483.934579439253
-93.0634146341463,1.58,476.887804878049
-93.2621359223301,1.88,477.864077669903
-93.2253521126761,1.88,475.859154929577
-93.0682926829268,1.98,491.209756097561
-93.1472081218274,1.81,507.675126903554
-93.1534653465347,1.76,514.841584158416
-92.9707317073171,1.93,508.292682926829
-93.2146341463415,1.65,522.175609756097
-93.2289719626168,1.76,430.803738317757
-93.1365853658537,2.07,468.8
-93.0516431924883,1.79,481.586854460094
-93.1853658536585,1.91,486.292682926829
-93.0439024390244,1.72,489.843902439025
-93.0292682926829,1.55,469.414634146342
-93.0281690140845,1.93,482.422535211268
-93.1707317073171,1.55,486.653658536585
-93.1588785046729,1.91,443.26168224299
-93.0829268292683,1.48,471.063414634146
-93.1512195121951,1.69,504.243902439024
-93.1951219512195,1.76,457.375609756098
-93.0327868852459,1.86,528.114754098361
-87.2028985507246,4.89,480.396135265701
-87.1407766990291,4.94,464
-87.1400966183575,4.92,462.869565217391
-87.2281553398058,4.92,467.300970873786
-87.1884057971015,4.87,488.850241545894
-87.2233009708738,4.87,469.31067961165
-87.1062801932367,4.92,477.053140096618
-87.2279069767442,4.85,479.432558139535
-87.0097087378641,4.99,456.864077669903
-87.2367149758454,4.92,471.787439613527
-87.1884057971015,4.94,453.285024154589
-87.0917874396135,4.89,475.294685990338
-87.0981308411215,4.94,462.85046728972
-87.0869565217391,4.96,443.275362318841
-87.0582524271845,4.94,457.466019417476
-87.0281690140845,4.89,478.065727699531
-87.0193236714976,4.92,466.386473429952
-86.9368932038835,4.92,467.78640776699
-86.951690821256,4.94,457.285024154589
-86.9029126213592,4.89,476.601941747573
-87,4.94,457.293023255814
-86.8309178743961,4.89,473.700483091788
-86.9271844660194,4.87,475.776699029126
-86.951690821256,4.92,470.888888888889
-86.8398058252427,4.92,462.601941747573
-86.8792270531401,4.94,467.75845410628
-86.8647342995169,4.89,473.12077294686
-86.8357487922705,4.92,465.410628019324
-86.7990654205608,4.92,472.542056074766
-86.9371980676328,4.92,459.381642512077
-86.8398058252427,4.92,476.592233009709
-86.8985507246377,4.89,479.256038647343
-86.8980582524272,4.92,463.95145631068
-86.7874396135266,4.92,468.811594202899
-86.8883720930232,4.92,464.520930232558
-86.9029126213592,4.92,471.417475728155
-86.8212560386473,4.92,459.826086956522
-86.868932038835,4.92,469.135922330097
-86.9323671497584,4.94,458.87922705314
-86.8418604651163,4.92,466.73488372093
-86.8058252427184,4.89,476.73786407767
-86.8695652173913,4.94,464.782608695652
-86.8743961352657,4.94,447.92270531401
-86.8203883495146,4.92,455.368932038835
-86.8279069767442,4.89,486.595348837209
-86.9033816425121,4.92,465.43961352657
-86.868932038835,4.92,467.106796116505
-86.8502415458937,4.89,473.285024154589
-86.8009708737864,4.94,454.174757281553
-86.8604651162791,4.94,462.595348837209
-86.8454106280193,4.89,472.782608695652
-86.8446601941748,4.94,463.669902912621
-86.9468599033816,4.89,469.748792270531
-87.0388349514563,4.94,468
-86.9082125603865,4.89,465.140096618357
-86.8834951456311,4.87,488.990291262136
-87.0139534883721,4.89,468.325581395349
-87,4.92,468.937198067633
-87.0144927536232,4.87,482.502415458937
-87.0339805825243,4.94,459.145631067961
-87.1073170731707,4.94,460.614634146341
-86.9323671497584,4.87,481.478260869565
-86.9859813084112,4.94,459.121495327103
-86.8695652173913,4.89,481.111111111111
-86.9757281553398,4.89,476.660194174757
-86.9613526570048,4.92,465.613526570048
-86.9757281553398,4.96,445.019417475728
-87,4.94,454.558139534884
-87.0193236714976,4.89,479.294685990338
-86.9368932038835,4.94,462.796116504855
-86.9371980676328,4.92,464.386473429952
-87.0728155339806,4.92,471.912621359224
-87.0289855072464,4.92,461.980676328502
-87.0096618357488,4.87,493.632850241546
-86.9906976744186,4.92,462.139534883721
-87.1456310679612,4.89,465.883495145631
-87.0772946859903,4.94,461.613526570048
-87.0582524271845,4.89,470.436893203883
-87.0193236714976,4.92,460.859903381643
-86.9,4.91,524.8
-88.5748792270531,4.87,489.584541062802
-88.4951923076923,4.87,458.990384615385
-88.5265700483092,4.96,469.43961352657
-88.5652173913043,4.89,468.792270531401
-88.5395348837209,4.94,457.46976744186
-88.5728155339806,4.92,466.854368932039
-88.4541062801932,4.89,476.454106280193
-88.4077669902913,4.94,464.708737864078
-88.3526570048309,4.92,459.652173913043
-88.4178403755868,4.96,446.779342723005
-88.4417475728155,4.89,485.252427184466
-88.4251207729469,4.87,486.067632850241
-88.4660194174757,4.89,482.26213592233
-88.4057971014493,4.94,456.608695652174
-88.4018691588785,4.94,456.785046728972
-88.5024154589372,4.92,466.714975845411
-88.4782608695652,4.92,467.091787439614
-88.4589371980676,4.89,474.106280193237
-88.3913043478261,4.89,480.16425120773
-88.4927536231884,4.92,461.787439613527
-88.4805825242718,4.89,481.04854368932
-88.5217391304348,4.89,475.188405797101
-88.3640776699029,4.89,475.271844660194
-88.6231884057971,4.87,488.086956521739
-88.4223300970874,4.92,476.116504854369
-88.5488372093023,4.89,470.186046511628
-88.3961352657005,4.94,450.985507246377
-88.4660194174757,4.87,485.21359223301
-88.4830917874396,4.94,461.217391304348
-88.5514018691589,4.94,456.345794392523
-88.512077294686,4.92,461.169082125604
-88.373786407767,4.89,482.21359223301
-88.5217391304348,4.92,465.990338164251
-88.4347826086957,4.89,482.251207729469
-88.5458937198068,4.85,501.526570048309
-88.5410628019324,4.85,493.053140096618
-88.5339805825243,4.92,466.378640776699
-88.3671497584541,4.89,473.574879227053
-88.4708737864078,4.92,466.961165048544
-88.4975845410628,4.89,489.169082125604
-88.5097087378641,4.92,458
-88.4251207729469,4.85,495.893719806763
-88.5436893203884,4.89,481.825242718447
-88.4975845410628,4.89,472.444444444444
-88.4139534883721,4.94,461.041860465116
-88.4514563106796,4.89,471.747572815534
-88.4589371980676,4.92,468.260869565217
-88.5291262135922,4.94,455.203883495145
-88.3816425120773,4.92,463.169082125604
-88.463768115942,4.92,462.106280193237
-88.3961352657005,4.87,497.487922705314
-88.4139534883721,4.96,442.46511627907
-88.4299516908213,4.96,448.647342995169
-88.5533980582524,4.89,474.73786407767
-88.4186046511628,4.92,457.320930232558
-88.3495145631068,4.94,451.660194174757
-88.2898550724638,4.89,485.285024154589
-88.4320388349515,4.92,468.359223300971
-88.3574879227053,4.94,450.830917874396
-88.3834951456311,4.89,478.417475728155
-88.4279069767442,4.92,468.353488372093
-88.3188405797101,4.92,469.75845410628
-88.3543689320388,4.87,492.747572815534
-88.3285024154589,4.89,472.386473429952
-88.2463768115942,4.92,475.342995169082
-88.4154589371981,4.92,457.468599033817
-88.2608695652174,4.92,473.816425120773
-88.3478260869565,4.94,459.236714975845
-88.2372093023256,4.89,465.255813953489
-88.2705314009662,4.89,480.434782608696
-88.2669902912621,4.94,447.47572815534
-88.2995169082126,4.89,476.888888888889
-88.4126213592233,4.94,462.155339805825
-88.3478260869565,4.92,462.763285024155
-88.3674418604651,4.92,477.311627906977
-88.3181818181818,4.85,497.69696969697
-88.3860465116279,4.94,458.958139534884
-88.3398058252427,4.87,487.242718446602
-88.3429951690821,4.92,474.038647342995
-88.1875,4.89,504.583333333333
-75.9077669902913,4.89,476
-75.9859813084112,4.94,458.448598130841
-76.004854368932,4.92,465.271844660194
-76.1352657004831,4.89,470.821256038647
-76.0145631067961,4.94,464.669902912621
-75.9953271028037,4.92,466.467289719626
-76.0628019323672,4.92,461.816425120773
-76.1504854368932,4.94,461.291262135922
-76.1159420289855,4.89,480.676328502415
-76.0922330097087,4.92,459.563106796117
-76.1168224299065,4.96,453.532710280374
-76.156862745098,4.89,463.598039215686
-76.0096618357488,4.89,479.19806763285
-76.2710280373832,4.92,472.093457943925
-76.0873786407767,4.89,462.21359223301
-76.0436893203884,4.92,464.95145631068
-76.1359223300971,4.92,466.097087378641
-75.9130434782609,4.92,470.917874396135
-75.9672897196262,4.92,464.803738317757
-75.9077669902913,4.94,458.271844660194
-75.8834951456311,4.94,453.864077669903
-75.9767441860465,4.94,457.693023255814
-75.7246376811594,4.92,462.87922705314
-75.7912621359223,4.94,465.466019417476
-75.9611650485437,4.85,489.601941747573
-75.7961165048544,4.92,464.95145631068
-75.8511627906977,4.96,445.293023255814
-75.8203883495146,4.89,462.78640776699
-75.8691588785047,4.96,453.869158878505
-75.8300970873786,4.89,471.291262135922
-75.6714975845411,4.94,457.845410628019
-75.7427184466019,4.94,451.52427184466
-75.6728971962617,4.92,469.345794392523
-75.7378640776699,4.85,487.970873786408
-75.8640776699029,4.94,461.165048543689
-75.7536231884058,4.94,454.347826086957
-75.6699029126214,4.92,467.582524271845
-75.8139534883721,4.94,463.162790697675
-75.8058252427184,4.94,450.52427184466
-75.8300970873786,4.87,475.766990291262
-75.7342995169082,4.94,464.270531400966
-75.7523364485981,4.94,451.523364485981
-75.7621359223301,4.89,473.058252427184
-76.0242718446602,4.92,474.097087378641
-75.7718446601942,4.92,469.349514563107
-75.8558139534884,4.92,468.213953488372
-75.9320388349515,4.92,461.21359223301
-75.8398058252427,4.94,463.932038834952
-75.9320388349515,4.92,463.747572815534
-76.0186046511628,4.92,464.827906976744
-75.9320388349515,4.94,461.038834951456
-75.8834951456311,4.89,463.504854368932
-75.9417475728155,4.92,472.330097087379
-75.9953488372093,4.92,464.586046511628
-75.8405797101449,4.92,460.811594202899
-75.9805825242718,4.96,448.155339805825
-75.9299065420561,4.96,450.504672897196
-75.9514563106796,4.92,454.922330097088
-76.0144927536232,4.92,472.07729468599
-76.0145631067961,4.94,457.961165048544
-76.018691588785,4.89,476.654205607477
-75.873786407767,4.92,470.543689320388
-75.9417475728155,4.92,470.398058252427
-76.0289855072464,4.92,468.734299516908
-76.0145631067961,4.87,484.165048543689
-75.9252336448598,4.92,458.14953271028
-76.0533980582524,4.89,466.47572815534
-76.0679611650485,4.92,457.165048543689
-75.9806763285024,4.94,467.719806763285
-75.9174757281553,4.87,495.009708737864
-75.9710144927536,4.89,471.207729468599
-75.9579439252336,4.96,445.691588785047
-75.9271844660194,4.94,458.834951456311
-75.9371980676328,4.92,458.937198067633
-75.9485981308411,4.92,459.289719626168
-75.9902912621359,4.92,472.116504854369
-76.0873786407767,4.89,473.330097087379
-75.9611650485437,4.94,459.640776699029
-76.0604651162791,4.92,467.53488372093
-75.925,4.90,511.6
-81.8976744186047,4.94,459.237209302325
-81.9708737864078,4.92,465.631067961165
-82.0631067961165,4.92,457.291262135922
-82,4.94,463.671497584541
-81.9906542056075,4.94,455.22429906542
-82,4.92,472.242718446602
-82.0291262135922,4.92,469.495145631068
-82.046511627907,4.94,454.027906976744
-82.0679611650485,4.94,462.844660194175
-82.0242718446602,4.92,457.961165048544
-81.9532710280374,4.94,459.102803738318
-82.0048780487805,4.92,463.717073170732
-82.0145631067961,4.94,459.78640776699
-82.0242718446602,4.89,472.922330097088
-82.0841121495327,4.94,457.205607476636
-81.8792270531401,4.94,461.971014492754
-81.8599033816425,4.94,459.565217391304
-81.9029126213592,4.87,492.68932038835
-81.9299065420561,4.92,464.168224299066
-81.8309178743961,4.92,461.101449275362
-81.9174757281553,4.94,464.165048543689
-81.7378640776699,4.94,455.252427184466
-81.8504672897196,4.94,454.953271028037
-81.8446601941748,4.92,456.68932038835
-81.8164251207729,4.89,483.285024154589
-81.7961165048544,4.94,462.436893203883
-81.7803738317757,4.89,470.345794392523
-81.6116504854369,4.94,461.572815533981
-81.8106796116505,4.92,456.776699029126
-81.7632850241546,4.92,468.492753623188
-81.7990654205608,4.94,456.065420560747
-81.6521739130435,4.89,470.193236714976
-81.6990291262136,4.92,475.446601941748
-81.752427184466,4.92,464.679611650486
-81.792270531401,4.89,487.314009661836
-81.7757009345794,4.92,457.009345794393
-81.868932038835,4.92,472.592233009709
-81.8009708737864,4.92,466.854368932039
-81.7621359223301,4.92,466.912621359224
-81.7246376811594,4.89,461.507246376812
-81.7570093457944,4.92,465.88785046729
-81.7718446601942,4.94,466.660194174757
-81.8058252427184,4.87,485.815533980583
-81.752427184466,4.96,442.368932038835
-81.7953488372093,4.94,462.520930232558
-81.8009708737864,4.94,453.252427184466
-81.7087378640777,4.89,472.834951456311
-81.8019323671498,4.92,471.700483091788
-81.7864077669903,4.87,485.601941747573
-81.753488372093,4.92,474.455813953488
-81.7864077669903,4.92,464.04854368932
-81.8203883495146,4.94,450.922330097088
-81.8252427184466,4.89,483.320388349514
-81.8834951456311,4.92,467.300970873786
-81.8,4.94,453.73023255814
-81.8252427184466,4.94,464.902912621359
-81.9174757281553,4.92,460.019417475728
-81.8139534883721,4.92,475.693023255814
-81.8203883495146,4.92,464.611650485437
-81.8495145631068,4.89,461.398058252427
-81.8398058252427,4.94,460.271844660194
-81.8177570093458,4.94,454.831775700934
-81.8985507246377,4.94,454.067632850241
-81.975845410628,4.89,481.236714975845
-81.8398058252427,4.89,478.68932038835
-81.9029126213592,4.92,465.601941747573
-81.9205607476636,4.94,458.299065420561
-81.8502415458937,4.92,466.338164251208
-81.9466019417476,4.94,457
-81.9805825242718,4.89,477.747572815534
-81.8831775700935,4.94,459.14953271028
-81.873786407767,4.87,463.291262135922
-81.9033816425121,4.94,462.685990338164
-81.9252336448598,4.92,459.420560747663
-81.8106796116505,4.94,455.106796116505
-81.8446601941748,4.92,476.252427184466
-81.9417475728155,4.92,458.815533980583
-81.8883720930232,4.94,449.023255813954
-81.9178743961353,4.92,470.589371980676
-82.09375,4.92,566.0625
-68.1545893719807,4.92,465.632850241546
-68.1359223300971,4.92,468.485436893204
-68.2184466019417,4.92,468.728155339806
-68.2270531400966,4.94,456.125603864734
-68.1747572815534,4.87,485.757281553398
-68.107476635514,4.94,456.579439252337
-67.9757281553398,4.94,460.019417475728
-67.9320388349515,4.94,460.407766990291
-68.0372093023256,4.89,467.488372093023
-67.9019607843137,4.89,470.882352941177
-68.0388349514563,4.94,455.466019417476
-68.1162790697674,4.92,467.720930232558
-67.9563106796116,4.92,465.514563106796
-68.0291262135922,4.94,465.097087378641
-67.878640776699,4.89,472.145631067961
-67.8790697674419,4.94,458.855813953488
-68.0194174757282,4.89,473.47572815534
-67.9710144927536,4.94,460.019323671498
-68.004854368932,4.94,460.116504854369
-68.0046728971963,4.94,457.364485981308
-68.0724637681159,4.92,463.710144927536
-68.0873786407767,4.92,457.864077669903
-67.9077669902913,4.89,472.067961165048
-68,4.94,454.915887850467
-68,4.94,460.873786407767
-68.0930232558139,4.99,436.958139534884
-67.9368932038835,4.92,461.883495145631
-67.9126213592233,4.94,459.825242718447
-68.0145631067961,4.92,472.893203883495
-67.9077669902913,4.89,470.184466019417
-67.8046511627907,4.94,457.320930232558
-68.0242718446602,4.89,480.067961165048
-68.0048309178744,4.94,455.449275362319
-67.953488372093,4.96,447.395348837209
-67.995145631068,4.92,467.834951456311
-68.1116504854369,4.94,450.864077669903
-68,4.96,442.710280373832
-68.121359223301,4.94,458.291262135922
-68.0289855072464,4.94,461.391304347826
-67.9626168224299,4.92,462.271028037383
-67.8883495145631,4.94,458.165048543689
-67.9223300970874,4.94,458.563106796117
-67.8883495145631,4.87,488.669902912621
-67.9227053140097,4.92,467.420289855072
-67.8785046728972,4.92,461.616822429907
-68.0436893203884,4.92,467.456310679612
-67.8252427184466,4.92,466.922330097088
-67.8372093023256,4.96,443.069767441861
-67.9323671497584,4.94,466.328502415459
-67.9466019417476,4.92,466.077669902912
-67.9805825242718,4.92,461.223300970874
-67.8106796116505,4.92,467.398058252427
-67.7488372093023,4.92,466.455813953488
-67.7815533980583,4.94,456.029126213592
-67.7912621359223,4.94,459.563106796117
-67.911214953271,4.92,467.299065420561
-67.8647342995169,4.94,454.289855072464
-67.8592233009709,4.92,463.990291262136
-67.6407766990291,4.92,472.126213592233
-67.9018691588785,4.92,465.92523364486
-67.9174757281553,4.92,465.543689320388
-67.7536231884058,4.92,474.753623188406
-67.8834951456311,4.92,458.961165048544
-67.7864077669903,4.89,480.990291262136
-67.9069767441861,4.92,465.962790697674
-67.873786407767,4.96,454.077669902912
-67.9323671497584,4.94,451.690821256039
-67.8084112149533,4.89,461.046728971963
-67.8774509803922,4.89,480.970588235294
-67.6650485436893,4.92,465.650485436893
-67.9710144927536,4.92,473.652173913043
-67.7330097087379,4.89,474.883495145631
-67.7523364485981,4.96,448.205607476636
-67.9029126213592,4.94,456.73786407767
-67.893023255814,4.94,454.948837209302
-67.9466019417476,4.94,462.456310679612
-67.8592233009709,4.89,475.95145631068
-67.8883495145631,4.92,459.009708737864
-68.0193236714976,4.92,470.743961352657
-68,4.92,522.45
-78.9672897196262,4.92,461.504672897196
-78.9077669902913,4.89,478.941747572816
-78.8164251207729,4.92,467.458937198068
-78.8834951456311,4.92,474.78640776699
-78.9514563106796,4.89,473.291262135922
-78.6990291262136,4.87,493.077669902912
-78.6682242990654,4.94,459.392523364486
-78.7053140096618,4.94,454.859903381643
-78.6456310679612,4.87,472.203883495145
-78.7009345794392,4.96,447.551401869159
-78.6165048543689,4.94,455.155339805825
-78.6844660194175,4.92,467.601941747573
-78.3961352657005,4.89,477.719806763285
-78.6407766990291,4.92,474.019417475728
-78.6570048309179,4.87,473.884057971014
-78.4716981132076,4.92,474.443396226415
-78.7149758454106,4.92,468.444444444444
-78.5388349514563,4.89,471.223300970874
-78.6747572815534,4.92,473.058252427184
-78.6401869158879,4.89,475.579439252337
-78.626213592233,4.92,463.097087378641
-78.6135265700483,4.92,469.149758454106
-78.7135922330097,4.89,484.067961165048
-78.6601941747573,4.92,467.932038834952
-78.7289719626168,4.92,468.429906542056
-78.6165048543689,4.94,452.349514563107
-78.7149758454106,4.89,476.270531400966
-78.7572815533981,4.92,469.135922330097
-78.7803738317757,4.94,461.719626168224
-78.6280193236715,4.92,458.463768115942
-78.7087378640777,4.92,462.543689320388
-78.6618357487923,4.94,455.893719806763
-78.5533980582524,4.89,472.650485436893
-78.5327102803738,4.92,468.719626168224
-78.6456310679612,4.94,461.31067961165
-78.7038834951456,4.92,467.446601941748
-78.43961352657,4.89,477.990338164251
-78.6261682242991,4.94,456.644859813084
-78.5825242718447,4.92,465.854368932039
-78.7233009708738,4.94,460.980582524272
-78.6407766990291,4.92,461.077669902912
-78.7302325581395,4.89,480.641860465116
-78.4902912621359,4.92,463.194174757281
-78.5582524271845,4.89,477.126213592233
-78.5845410628019,4.92,468.95652173913
-78.6553398058252,4.92,468.271844660194
-78.6325581395349,4.94,454.13023255814
-78.5873786407767,4.92,466.456310679612
-78.4805825242718,4.94,456.844660194175
-78.3252427184466,4.92,471.417475728155
-78.4139534883721,4.94,461.423255813953
-78.4029126213592,4.92,452.106796116505
-78.4805825242718,4.92,462.427184466019
-78.4252336448598,4.94,463.663551401869
-78.3236714975845,4.92,458.995169082126
-78.4126213592233,4.94,454.242718446602
-78.4532710280374,4.94,458.046728971963
-78.4805825242718,4.92,469.203883495145
-78.504854368932,4.92,476.097087378641
-78.5024154589372,4.92,464.908212560386
-78.4368932038835,4.89,470.349514563107
-78.5209302325581,4.96,451.041860465116
-78.5970873786408,4.92,462.932038834952
-78.5291262135922,4.92,470.864077669903
-78.4589371980676,4.87,494.492753623188
-78.4174757281553,4.92,469.174757281553
-78.4611650485437,4.89,472.766990291262
-78.5700934579439,4.89,478.626168224299
-78.504854368932,4.94,462.873786407767
-78.3333333333333,4.89,475.777777777778
-78.4902912621359,4.89,470.708737864078
-78.621359223301,4.94,456.68932038835
-78.4672897196262,4.94,458.77570093458
-78.4757281553398,4.96,448.466019417476
-78.3674418604651,4.94,452.53023255814
-78.6504854368932,4.96,447.873786407767
-78.4299516908213,4.94,442.869565217391
-78.5953488372093,4.89,462.279069767442
-78.7087378640777,4.94,466.184466019417
-78.625,4.92,481.95
-86.2028985507246,4.92,469.661835748792
-86.2139534883721,4.92,470.111627906977
-86.1504854368932,4.94,454.145631067961
-86.1207729468599,4.92,466.231884057971
-86.0582524271845,4.89,478.95145631068
-86.048309178744,4.92,472.202898550725
-86.0436893203884,4.89,466.097087378641
-86.0651162790698,4.92,469.302325581396
-86.131067961165,4.92,474.223300970874
-86.0966183574879,4.89,474.434782608696
-86.1601941747573,4.94,463.456310679612
-86.1062801932367,4.94,452.589371980676
-86.0841121495327,4.92,470.355140186916
-86.1159420289855,4.92,466.975845410628
-86.2270531400966,4.92,466.570048309179
-86.0780487804878,4.92,470.234146341463
-86.2135922330097,4.92,466.922330097088
-86.0232558139535,4.96,444.893023255814
-86.1449275362319,4.94,456.038647342995
-86.1456310679612,4.92,467.912621359224
-86.1255813953488,4.92,468.186046511628
-86.1844660194175,4.96,439.067961165048
-86.1400966183575,4.87,474.753623188406
-86.1844660194175,4.89,478.223300970874
-86.0825242718447,4.92,477.009708737864
-86.1400966183575,4.87,485.410628019324
-86.126213592233,4.92,466.067961165048
-86.1441860465116,4.89,479.572093023256
-86.1400966183575,4.89,473.68115942029
-86.1449275362319,4.92,471.816425120773
-86.1601941747573,4.89,475.330097087379
-86.1014492753623,4.96,450.328502415459
-86.126213592233,4.92,468.145631067961
-86.1348837209302,4.92,470.223255813954
-86.0922330097087,4.89,478.699029126214
-86.1690821256039,4.89,470.309178743961
-86.121359223301,4.92,470.864077669903
-86.1594202898551,4.94,453.265700483092
-86.0679611650485,4.92,472.155339805825
-86.153488372093,4.92,469.860465116279
-86.126213592233,4.94,451.650485436893
-86.1352657004831,4.89,465.082125603865
-86.1553398058252,4.92,484.155339805825
-86.0579710144928,4.89,472.260869565217
-86.0388349514563,4.92,472.640776699029
-86.0837209302326,4.92,472.353488372093
-86.1111111111111,4.89,471.04347826087
-86.0338164251208,4.92,464.821256038647
-86.0970873786408,4.96,450.582524271845
-86.1488372093023,4.96,446.586046511628
-86.1414141414141,4.85,492.222222222222
-86.0418604651163,4.94,458
-86.0289855072464,4.89,479.942028985507
-86.0679611650485,4.92,459.864077669903
-86.048309178744,4.89,474.87922705314
-86.1165048543689,4.92,463.427184466019
-86.0242718446602,4.87,471.873786407767
-86.0511627906977,4.94,456.781395348837
-86.0579710144928,4.92,468.154589371981
-86.0145631067961,4.92,477.805825242719
-86.0966183574879,4.92,464.057971014493
-86.0193236714976,4.92,462.028985507246
-86.046511627907,4.94,455.832558139535
-86.0242718446602,4.92,474.631067961165
-85.9903381642512,4.92,466.106280193237
-86.0097087378641,4.94,457.922330097088
-86.1023255813953,4.94,456.679069767442
-86.0097087378641,4.89,479.223300970874
-86.0048309178744,4.92,468.492753623188
-86.0728155339806,4.89,474.087378640776
-86.024154589372,4.92,468.280193236715
-85.9320388349515,4.92,471.456310679612
-86.0186046511628,4.92,466.744186046511
-85.9563106796116,4.89,471.466019417476
-86.048309178744,4.87,474.531400966183
-85.9563106796116,4.94,463.95145631068
-85.9420289855072,4.94,451.526570048309
-85.9178743961353,4.89,482.154589371981
-85.8317757009346,4.94,454.616822429907
-85.9268292682927,4.92,508.975609756098
-74.4029126213592,4.94,464.087378640776
-74.4611650485437,4.92,464.78640776699
-74.5533980582524,4.94,455.398058252427
-74.4790697674419,4.89,461.860465116279
-74.4368932038835,4.92,469.805825242719
-74.373786407767,4.94,454.922330097088
-74.4046511627907,4.94,459.720930232558
-74.4611650485437,4.94,457.708737864078
-74.4368932038835,4.96,446.359223300971
-74.4669811320755,4.89,472.330188679245
-74.2898550724638,4.92,465.594202898551
-74.2657004830918,4.94,459.333333333333
-74.3738317757009,4.94,461.07476635514
-74.2961165048544,4.89,463.31067961165
-74.3495145631068,4.92,458.970873786408
-74.3719806763285,4.92,459.400966183575
-74.2663551401869,4.89,470.121495327103
-74.2330097087379,4.92,470.922330097088
-74.3446601941748,4.94,455.922330097088
-74.3300970873786,4.89,467.980582524272
-74.3333333333333,4.92,477.768115942029
-74.303738317757,4.92,471.271028037383
-74.3349514563107,4.92,466.135922330097
-74.247572815534,4.92,457.165048543689
-74.2864077669903,4.94,465.495145631068
-74.2744186046512,4.92,465.674418604651
-74.4685990338164,4.89,482.87922705314
-74.3203883495146,4.87,488.407766990291
-74.3640776699029,4.89,477.73786407767
-74.3543689320388,4.94,456.436893203883
-74.3623188405797,4.94,462.425120772947
-74.2383177570093,4.94,453.990654205607
-74.373786407767,4.92,466.990291262136
-74.3640776699029,4.92,463.640776699029
-74.3252427184466,4.92,467.21359223301
-74.2697674418605,4.96,439.190697674419
-74.2718446601942,4.94,461.165048543689
-74.3551401869159,4.94,459.364485981308
-74.280193236715,4.92,464.173913043478
-74.2864077669903,4.96,445.417475728155
-74.2336448598131,4.92,468.785046728972
-74.2173913043478,4.92,459.12077294686
-74.3252427184466,4.89,483.378640776699
-74.2995169082126,4.96,450.87922705314
-74.2330097087379,4.92,465.805825242719
-74.2056074766355,4.92,460.616822429907
-74.1844660194175,4.94,456.728155339806
-74.0970873786408,4.92,470.873786407767
-74.1449275362319,4.92,467.188405797101
-74.2196261682243,4.92,459.943925233645
-74.1844660194175,4.94,464.038834951456
-74.1504854368932,4.94,459.155339805825
-74.1504854368932,4.89,471.970873786408
-74.153488372093,4.94,460.772093023256
-73.9902912621359,4.92,470.281553398058
-74.126213592233,4.89,472.961165048544
-74.0728155339806,4.94,455.04854368932
-74.1302325581395,4.92,470.669767441861
-74.0579710144928,4.92,456.31884057971
-74.1067961165049,4.94,451.912621359224
-74.1116504854369,4.92,471.359223300971
-74.1255813953488,4.87,479.990697674419
-74.1844660194175,4.92,466.728155339806
-74.0242718446602,4.92,464.446601941748
-74.126213592233,4.87,492.04854368932
-74.126213592233,4.94,452.563106796117
-74.1893203883495,4.89,477.776699029126
-74.1302325581395,4.89,476.762790697675
-74.1067961165049,4.94,458.95145631068
-74.2718446601942,4.94,457.73786407767
-74.1553398058252,4.89,480.679611650486
-74.2046511627907,4.92,461.720930232558
-74.2766990291262,4.92,468.242718446602
-74.2657004830918,4.94,456.260869565217
-74.3300970873786,4.96,454.417475728155
-74.2330097087379,4.87,479.553398058252
-74.3581395348837,4.94,458.948837209302
-74.2961165048544,4.94,457.543689320388
-74.1359223300971,4.92,465.155339805825
-74.28125,4.92,574.375
-48.536231884058,4.92,460.125603864734
-48.5555555555556,4.94,461.642512077295
-48.463768115942,4.92,462.202898550725
-48.512077294686,4.92,467.004830917874
-48.6186046511628,4.92,465.246511627907
-48.6504854368932,4.92,472.058252427184
-48.5700483091787,4.92,450.009661835749
-48.5436893203884,4.94,461.300970873786
-48.493023255814,4.92,473.432558139535
-48.3913043478261,4.89,472.492753623188
-48.5728155339806,4.89,477.640776699029
-48.7826086956522,4.94,455.903381642512
-48.626213592233,4.94,454.854368932039
-48.5962441314554,4.89,480.356807511737
-48.5845410628019,4.94,458.135265700483
-48.5922330097087,4.94,456.135922330097
-48.3623188405797,4.89,477.884057971014
-48.6038647342995,4.96,448.193236714976
-48.6203703703704,4.94,451.759259259259
-48.5097087378641,4.94,462.223300970874
-48.5845410628019,4.92,460.782608695652
-48.5631067961165,4.94,463.611650485437
-48.5767441860465,4.94,451.693023255814
-48.6376811594203,4.92,470.125603864734
-48.5339805825243,4.92,461.242718446602
-48.6376811594203,4.94,459.449275362319
-48.5581395348837,4.92,467.786046511628
-48.6763285024155,4.92,450.531400966183
-48.5507246376812,4.96,450.502415458937
-48.5441860465116,4.96,432.967441860465
-48.4251207729469,4.96,439.159420289855
-48.6165048543689,4.92,470.194174757281
-48.7004830917874,4.94,459.004830917874
-48.587962962963,4.92,462.731481481481
-48.6425120772947,4.92,463.458937198068
-48.512077294686,4.89,479.652173913043
-48.5652173913044,4.96,439.642512077295
-48.6618357487923,4.89,473.294685990338
-48.6232558139535,4.94,451.2
-48.6135265700483,4.92,459.623188405797
-48.5291262135922,4.94,464.592233009709
-48.5314009661836,4.89,477.04347826087
-48.6067961165049,4.94,452.815533980583
-48.446511627907,4.92,473.246511627907
-48.7294685990338,4.94,452.734299516908
-48.6941747572816,4.89,474.407766990291
-48.6183574879227,4.94,459.429951690821
-48.5046728971963,4.94,451.728971962617
-48.6394230769231,4.96,453.557692307692
-48.5942028985507,4.92,461.062801932367
-48.7536231884058,4.89,463.294685990338
-48.4902912621359,4.89,480.300970873786
-48.487922705314,4.89,483.932367149759
-48.5388349514563,4.92,466.359223300971
-48.5314009661836,4.89,474.811594202899
-48.5291262135922,4.89,479.466019417476
-48.506976744186,4.89,486.046511627907
-48.6521739130435,4.89,471.275362318841
-48.6504854368932,4.87,477.980582524272
-48.6086956521739,4.94,464.550724637681
-48.5485436893204,4.94,456.203883495145
-48.5990338164251,4.92,461.816425120773
-48.5934579439252,4.92,468.757009345794
-48.6183574879227,4.89,468.31884057971
-48.512077294686,4.94,454.657004830918
-48.4807692307692,4.94,465.615384615385
-48.5533980582524,4.89,473.708737864078
-48.7441860465116,4.94,458.158139534884
-48.4975845410628,4.89,471.942028985507
-48.6504854368932,4.94,461.922330097088
-48.5748792270531,4.92,468.299516908212
-48.5145631067961,4.87,481.184466019417
-48.4927536231884,4.89,476.628019323672
-48.5631067961165,4.89,465.864077669903
-48.5953488372093,4.94,454.874418604651
-48.5756097560976,4.92,462.039024390244
-48.2864077669903,4.92,465.533980582524
-48.4782608695652,4.87,486.618357487923
-48.4604651162791,4.94,456.8
-48.219512195122,4.90,478.731707317073
-53.2056074766355,4.94,447.88785046729
-53.1796116504854,4.94,458.388349514563
-53.2961165048544,4.94,459.73786407767
-53.2139534883721,4.92,469.404651162791
-53.1359223300971,4.89,476.388349514563
-53.2330097087379,4.89,476.359223300971
-53.1796116504854,4.92,464.126213592233
-53.1162790697674,4.96,447.53488372093
-53.0242718446602,4.94,456.766990291262
-52.8689320388349,4.94,455.058252427184
-53.2046511627907,4.94,454.558139534884
-53.0242718446602,4.94,463.611650485437
-53.0434782608696,4.94,453.739130434783
-52.9103773584906,4.94,457.188679245283
-52.9466019417476,4.87,476.757281553398
-52.8985507246377,4.92,461.971014492754
-53.1214953271028,4.96,454.140186915888
-53.0436893203884,4.89,469.466019417476
-52.878640776699,4.96,454.669902912621
-53,4.89,456.669902912621
-52.9613526570048,4.89,484.850241545894
-53.0560747663551,4.89,477.831775700934
-53.1456310679612,4.92,468.601941747573
-53.0873786407767,4.89,476.271844660194
-53.0436893203884,4.92,467.252427184466
-53.0869565217391,4.92,471.449275362319
-53.1116504854369,4.87,484.087378640776
-53.093023255814,4.94,460.018604651163
-53.1019417475728,4.94,461.592233009709
-53.0097087378641,4.92,466.932038834952
-53.0966183574879,4.92,465.053140096618
-53.0747663551402,4.92,464.588785046729
-53.0776699029126,4.89,474.970873786408
-53.0922330097087,4.92,470.990291262136
-53.0339805825243,4.92,463.019417475728
-53.0434782608696,4.94,468.492753623188
-53.0046728971963,4.89,470.18691588785
-52.9805825242718,4.92,455.718446601942
-53.0485436893204,4.89,479.592233009709
-52.9514563106796,4.92,470.019417475728
-53.0651162790698,4.96,449.283720930232
-53.0631067961165,4.87,474.203883495145
-52.8454106280193,4.94,454.231884057971
-52.9271844660194,4.94,460.407766990291
-53.0097087378641,4.89,470.398058252427
-52.9348837209302,4.92,474.241860465116
-53,4.94,450.349514563107
-52.8106796116505,4.92,467.980582524272
-52.9860465116279,4.94,459.562790697674
-52.878640776699,4.92,465.203883495145
-52.7912621359223,4.96,447.504854368932
-52.8598130841121,4.94,449.336448598131
-52.8349514563107,4.92,469.650485436893
-52.8599033816425,4.94,464.425120772947
-52.878640776699,4.92,463.941747572816
-52.8177570093458,4.92,465.85046728972
-52.8349514563107,4.89,474.834951456311
-52.743961352657,4.94,461.729468599034
-52.7815533980583,4.94,449.126213592233
-53.0325581395349,4.94,458.297674418605
-52.9320388349515,4.94,454.368932038835
-52.8058252427184,4.92,466.067961165048
-52.8697674418605,4.94,463.813953488372
-52.7378640776699,4.92,465.184466019417
-52.8349514563107,4.92,466.271844660194
-53.0436893203884,4.92,468.087378640776
-52.8592233009709,4.92,462.844660194175
-52.8511627906977,4.99,444.576744186047
-52.9205607476636,4.96,438.532710280374
-52.9223300970874,4.92,464.271844660194
-52.8599033816425,4.92,473.874396135266
-53.0631067961165,4.92,458.04854368932
-52.8300970873786,4.92,480.087378640776
-52.8790697674419,4.92,463.776744186046
-52.9805825242718,4.92,464.922330097088
-52.975845410628,4.92,465.188405797101
-52.7815533980583,4.94,460.019417475728
-52.9126213592233,4.89,483.165048543689
-53.0327102803738,4.94,447.03738317757
-53.03125,4.92,529.1875
-60.2912621359223,4.94,455.728155339806
-60.0873786407767,4.89,478.097087378641
-60.1747572815534,4.89,475.728155339806
-60.0604651162791,4.94,459.944186046512
-60.0533980582524,4.94,452.427184466019
-60.1310679611651,4.89,465.145631067961
-59.9757281553398,4.94,457.26213592233
-60.0093023255814,4.92,470.418604651163
-60.1165048543689,4.94,460.271844660194
-59.9575471698113,4.92,460.77358490566
-60.0869565217391,4.89,476.48309178744
-60.0388349514563,4.92,469.766990291262
-60.1067961165049,4.89,471.533980582524
-60.1352657004831,4.89,473.004830917874
-60.0922330097087,4.92,468.252427184466
-60.1699029126214,4.89,476.873786407767
-59.9674418604651,4.94,448.241860465116
-60.0970873786408,4.89,475.912621359224
-60.1650485436893,4.94,459.815533980583
-60.1121495327103,4.94,455.766355140187
-60.1352657004831,4.92,465.04347826087
-59.9077669902913,4.92,469.31067961165
-59.9708737864078,4.94,459.611650485437
-60.0280373831776,4.92,460.766355140187
-60.0533980582524,4.92,476.902912621359
-60.0531400966184,4.92,463.864734299517
-60.2038834951456,4.92,468.78640776699
-60.1635514018692,4.92,466.934579439253
-60.1014492753623,4.94,458.299516908212
-60.1844660194175,4.92,459.21359223301
-60.0628019323672,4.89,466.937198067633
-60.0981308411215,4.94,456.439252336449
-60.1067961165049,4.96,449.864077669903
-60.0145631067961,4.94,459.398058252427
-60.0922330097087,4.85,493.922330097088
-60.1594202898551,4.89,466.144927536232
-59.9299065420561,4.96,445.570093457944
-60.0436893203884,4.94,462.873786407767
-60.0388349514563,4.87,486.68932038835
-60.0145631067961,4.89,475.116504854369
-60.0186046511628,4.94,466
-59.9368932038835,4.92,458.203883495145
-60.0776699029126,4.94,458.582524271845
-59.8405797101449,4.92,473.323671497585
-59.9581395348837,4.94,448.362790697674
-60.126213592233,4.92,476.203883495145
-60.0485436893204,4.89,466.73786407767
-60.0436893203884,4.94,470.135922330097
-60,4.92,463.562790697674
-59.8834951456311,4.92,464.184466019417
-60.0533980582524,4.92,465.281553398058
-59.9126213592233,4.92,468.854368932039
-59.8831775700935,4.92,459.429906542056
-59.7729468599034,4.94,452.763285024155
-60.0291262135922,4.94,461.058252427184
-59.8738317757009,4.92,456.88785046729
-59.9466019417476,4.89,469.233009708738
-60.0242718446602,4.89,478.097087378641
-59.9855072463768,4.92,475.826086956522
-60.0291262135922,4.92,465.077669902912
-59.9565217391304,4.85,499.478260869565
-59.9466019417476,4.92,470.970873786408
-59.9252336448598,4.94,453.514018691589
-59.9806763285024,4.94,454.07729468599
-59.9660194174757,4.89,469.504854368932
-59.9466019417476,4.92,462.873786407767
-59.9205607476636,4.94,459.588785046729
-59.9466019417476,4.92,460.728155339806
-59.8937198067633,4.89,474.975845410628
-59.9205607476636,4.94,462.158878504673
-59.9126213592233,4.92,468.320388349514
-60.0194174757282,4.92,464.718446601942
-59.9514563106796,4.89,474.631067961165
-59.9806763285024,4.94,461.371980676328
-59.8046511627907,4.92,459.320930232558
-59.8454106280193,4.94,443.381642512077
-60.0339805825243,4.94,452.640776699029
-60.004854368932,4.92,473.902912621359
-59.9116279069767,4.92,464.186046511628
-60.05,4.92,509.6
-83.9065420560748,4.92,458.102803738318
-83.9514563106796,4.92,467.067961165048
-83.9029126213592,4.94,458.504854368932
-83.8139534883721,4.96,448.493023255814
-83.8106796116505,4.92,462.95145631068
-83.7087378640777,4.92,464.504854368932
-83.7427184466019,4.87,476.796116504855
-83.7004830917874,4.92,471.478260869565
-83.5813953488372,4.89,464.186046511628
-83.7254901960784,4.94,459.882352941177
-83.6699029126214,4.94,461.281553398058
-83.7023255813953,4.89,462.362790697674
-83.7038834951456,4.92,464.203883495145
-83.7427184466019,4.92,468.834951456311
-83.6915887850467,4.94,454.271028037383
-83.743961352657,4.92,470.734299516908
-83.6796116504854,4.92,464.26213592233
-83.8495145631068,4.96,451.747572815534
-83.7757009345794,4.92,459.943925233645
-83.7572815533981,4.92,469.077669902912
-83.8212560386473,4.92,468.908212560386
-83.7102803738318,4.96,448.392523364486
-83.7184466019417,4.89,459.776699029126
-83.768115942029,4.92,469.51690821256
-83.8115942028985,4.94,459.449275362319
-83.8164251207729,4.89,467.024154589372
-83.7196261682243,4.94,450.102803738318
-83.7669902912621,4.94,462.52427184466
-83.7281553398058,4.92,463.825242718447
-83.7729468599034,4.92,466.87922705314
-83.7383177570093,4.94,453.214953271028
-83.8300970873786,4.92,472.932038834952
-83.7912621359223,4.96,441.116504854369
-83.8232558139535,4.89,481.702325581395
-83.6990291262136,4.89,474.165048543689
-83.6990291262136,4.92,474.805825242719
-83.7815533980583,4.89,474.563106796117
-83.7669902912621,4.92,465.757281553398
-83.7536231884058,4.89,479.652173913043
-83.7289719626168,4.94,462.420560747663
-83.6666666666667,4.89,481.806763285024
-83.6941747572816,4.87,484.582524271845
-83.7766990291262,4.94,459.21359223301
-83.7281553398058,4.92,462.78640776699
-83.7488372093023,4.94,460.158139534884
-83.7038834951456,4.92,467.592233009709
-83.6990291262136,4.92,470.281553398058
-83.5776699029126,4.89,471.883495145631
-83.631067961165,4.92,467.776699029126
-83.6511627906977,4.94,456.437209302326
-83.6504854368932,4.92,465.844660194175
-83.6747572815534,4.92,468.359223300971
-83.5485436893204,4.89,477.407766990291
-83.6407766990291,4.89,472.097087378641
-83.5581395348837,4.94,461.832558139535
-83.5072463768116,4.89,471.149758454106
-83.5145631067961,4.87,493.514563106796
-83.5485436893204,4.94,458.067961165048
-83.6019417475728,4.92,469.04854368932
-83.6232558139535,4.94,449.116279069768
-83.4854368932039,4.92,473.796116504855
-83.5533980582524,4.94,456.029126213592
-83.6372093023256,4.94,455.311627906977
-83.4902912621359,4.94,450.834951456311
-83.5145631067961,4.89,465.815533980583
-83.6028037383178,4.94,465.102803738318
-83.5097087378641,4.89,468.533980582524
-83.5458937198068,4.94,457.826086956522
-83.4126213592233,4.94,453.73786407767
-83.5607476635514,4.94,462.85046728972
-83.4975845410628,4.92,463.700483091788
-83.5728155339806,4.92,466.368932038835
-83.487922705314,4.94,458.56038647343
-83.4126213592233,4.89,480.320388349514
-83.5514018691589,4.92,466.616822429907
-83.5097087378641,4.92,471.873786407767
-83.4466019417476,4.89,470.854368932039
-83.3429951690821,4.92,475.400966183575
-83.5747663551402,4.96,440.981308411215
-83.425,4.92,481.7
-51.2242990654206,4.89,460.084112149533
-51.2621359223301,4.96,448.796116504855
-51.2087378640777,4.89,472.038834951456
-51.2279069767442,4.99,441.190697674419
-51.2125603864734,4.94,453.140096618357
-51.2718446601942,4.92,465.776699029126
-51.1348837209302,4.94,451.916279069767
-51.1747572815534,4.94,461.805825242719
-51.2378640776699,4.85,486.242718446602
-51.2281553398058,4.92,467.631067961165
-51.121359223301,4.92,469.47572815534
-50.9767441860465,4.94,458.111627906977
-51.121359223301,4.89,464.174757281553
-51.0801886792453,4.94,462.518867924528
-51.1699029126214,4.92,460.834951456311
-50.9710144927536,4.89,467.285024154589
-51.121359223301,4.92,468.514563106796
-50.9766355140187,4.94,457.682242990654
-50.9514563106796,4.92,473.320388349514
-50.8357487922705,4.89,472.734299516908
-50.9368932038835,4.85,493.446601941748
-50.9275362318841,4.92,451.893719806763
-50.9029126213592,4.92,463.019417475728
-50.8738317757009,4.92,476.18691588785
-50.8398058252427,4.92,459.330097087379
-50.7729468599034,4.94,453.19806763285
-50.9077669902913,4.92,468.834951456311
-50.9065420560748,4.92,464.289719626168
-50.9271844660194,4.92,461.980582524272
-50.8252427184466,4.94,459.203883495145
-50.7826086956522,4.89,473.951690821256
-50.9466019417476,4.89,487.864077669903
-50.8271028037383,4.94,455.934579439253
-50.8009708737864,4.92,462.485436893204
-50.8405797101449,4.94,460.753623188406
-50.7572815533981,4.87,479.805825242719
-50.7627906976744,4.94,465.023255813954
-50.9126213592233,4.92,471.728155339806
-50.8203883495146,4.89,469.601941747573
-50.7815533980583,4.96,449.281553398058
-50.8834951456311,4.89,472.601941747573
-50.8139534883721,4.96,453.562790697674
-50.8106796116505,4.89,471.805825242719
-50.7102803738318,4.96,454.168224299066
-50.7729468599034,4.92,464.840579710145
-50.8106796116505,4.89,474.31067961165
-50.8106796116505,4.94,460.436893203883
-50.8252427184466,4.89,475.95145631068
-50.8271028037383,4.92,463.177570093458
-50.9227053140097,4.94,461.024154589372
-50.8349514563107,4.92,464.747572815534
-50.8647342995169,4.94,453.487922705314
-50.8093023255814,4.92,464.920930232558
-50.878640776699,4.92,459.932038834952
-50.9323671497585,4.92,470.444444444444
-50.9708737864078,4.94,452.844660194175
-50.8738317757009,4.94,457.560747663551
-50.8689320388349,4.89,466.233009708738
-50.9368932038835,4.96,449.815533980583
-50.9767441860465,4.89,460.930232558139
-51.0291262135922,4.89,474.631067961165
-50.9514563106796,4.92,468.796116504855
-50.9514563106796,4.89,471.553398058252
-50.9368932038835,4.92,469.145631067961
-50.893023255814,4.99,436.437209302326
-50.9563106796116,4.92,457.73786407767
-50.8212560386473,4.87,480.898550724638
-51.0233644859813,4.94,461.532710280374
-50.9855072463768,4.92,473.487922705314
-50.9320388349515,4.89,471.514563106796
-50.9805825242718,4.89,480.854368932039
-51.0582524271845,4.94,462.747572815534
-50.9271844660194,4.89,461.990291262136
-51.0139534883721,4.92,471.46976744186
-51.1359223300971,4.92,460.592233009709
-51.0588235294118,4.92,474.754901960785
-51.0139534883721,4.94,452.474418604651
-51.1165048543689,4.94,458.621359223301
-51.0728155339806,4.92,464.300970873786
-51.075,4.92,537.4
-55.4805825242718,4.92,463.466019417476
-55.6990291262136,4.92,471.26213592233
-55.6280193236715,4.92,462.811594202899
-55.4660194174757,4.89,471.78640776699
-55.5395348837209,4.89,470.511627906977
-55.3349514563107,4.94,462.776699029126
-55.3203883495146,4.92,471.708737864078
-55.3106796116505,4.89,458.194174757281
-55.3953488372093,4.94,462.195348837209
-55.3106796116505,4.92,460.718446601942
-55.3398058252427,4.96,450.398058252427
-55.2697674418605,4.92,464.279069767442
-55.247572815534,4.89,482.563106796117
-55.3689320388349,4.94,451.466019417476
-55.2766990291262,4.87,476.728155339806
-55.3958333333333,1.03,529.375
-55.3838383838384,4.82,5073.35353535354
-55.1860465116279,4.94,448.111627906977
-55.3106796116505,4.92,469.067961165048
-55.4734299516908,4.92,464.222222222222
-55.4223300970874,4.94,452.067961165048
-55.3224299065421,4.94,463.588785046729
-55.4320388349515,4.92,467.825242718447
-55.3543689320388,4.94,452.077669902912
-55.4202898550725,4.89,481.227053140097
-55.3130841121495,4.92,459.252336448598
-55.3640776699029,4.94,456.339805825243
-55.2961165048544,4.94,449.592233009709
-55.3581395348837,4.92,469.804651162791
-55.3252427184466,4.94,460.252427184466
-55.4223300970874,4.89,471.097087378641
-55.2669902912621,4.92,472.621359223301
-55.3627906976744,4.92,454.818604651163
-55.2415458937198,4.92,465.19806763285
-55.304347826087,4.96,439.584541062802
-55.3980582524272,4.89,470.902912621359
-55.2372093023256,4.94,455.395348837209
-55.4223300970874,4.96,451.106796116505
-55.4466019417476,4.89,475.281553398058
-55.1588785046729,4.92,458.130841121495
-55.2815533980583,4.87,452.427184466019
-55.2608695652174,5.01,461.420289855072
-55.1456310679612,4.87,493.456310679612
-55.2990654205607,4.92,461.794392523364
-55.2961165048544,4.89,483.961165048544
-55.4368932038835,4.92,466.388349514563
-55.1835748792271,4.92,467.19806763285
-55.3398058252427,4.94,455.330097087379
-55.1906976744186,4.92,465.376744186046
-55.0970873786408,4.94,451.47572815534
-55.1980676328502,4.89,485.903381642512
-55.2233009708738,4.94,454.932038834952
-55.2663551401869,4.92,465.271028037383
-55.0145631067961,4.92,468.417475728155
-55.1165048543689,4.89,474.04854368932
-55.1304347826087,4.94,460.917874396135
-55.3203883495146,4.92,470.699029126214
-55.2289719626168,4.92,464.457943925234
-55.121359223301,4.94,460.271844660194
-55.0873786407767,4.96,436.766990291262
-55.0604651162791,4.87,454.762790697675
-55.1699029126214,4.99,471.47572815534
-55.0339805825243,4.92,466.815533980583
-55.1720930232558,4.94,449.990697674419
-55.0825242718447,4.92,473.320388349514
-55.1207729468599,4.89,475.188405797101
-55.1078431372549,4.94,460.225490196078
-55.1310679611651,4.89,474.95145631068
-55.1023255813953,4.94,454.967441860465
-54.8543689320388,4.89,479.718446601942
-55.247572815534,4.94,461.077669902912
-55.2757009345794,4.94,455.056074766355
-55.1014492753623,4.92,464.135265700483
-55.3689320388349,4.92,467.436893203883
-55.0533980582524,4.94,463.407766990291
-55.0981308411215,4.92,457.990654205607
-55.0339805825243,4.92,465.097087378641
-55.2657004830918,4.92,463.091787439614
-55.05,4.81,537.65
-90.9082125603865,4.92,473.371980676328
-90.8115942028985,4.87,468.541062801932
-90.8599033816425,4.85,491.004830917874
-90.792270531401,4.87,491.468599033817
-90.7777777777778,4.89,474.888888888889
-90.7971014492754,4.89,463.816425120773
-90.7101449275362,4.92,473.033816425121
-90.7348837209302,4.92,448.781395348837
-90.7729468599034,4.87,499.178743961353
-90.752427184466,4.87,490.805825242719
-90.7676767676768,4.85,505.616161616162
-90.8139534883721,4.92,459.097674418605
-90.6908212560386,4.87,489.545893719807
-90.8357487922705,4.94,450.743961352657
-90.8888888888889,4.89,482.028985507246
-90.8743961352657,4.87,471.990338164251
-90.8647342995169,4.92,466.657004830918
-90.8357487922705,4.94,443.971014492754
-90.753488372093,4.94,458.111627906977
-90.7718446601942,4.89,478.883495145631
-90.7828282828283,4.82,518.50505050505
-90.8019323671498,4.85,499.458937198068
-90.8009708737864,4.92,475.980582524272
-90.8139534883721,4.92,467.041860465116
-90.7939698492462,4.85,495.658291457286
-90.8019323671498,4.87,489.565217391304
-90.8790697674419,4.96,454.306976744186
-90.7587939698493,4.87,487.788944723618
-90.8985507246377,4.87,478.173913043478
-90.7826086956522,4.87,478.579710144928
-90.7971014492754,4.85,498.386473429952
-90.8155339805825,4.85,507.135922330097
-90.8550724637681,4.92,474.086956521739
-90.768115942029,4.92,461.845410628019
-90.8067632850242,4.89,461.429951690821
-90.7826086956522,4.87,494.502415458937
-90.8046511627907,4.94,450.027906976744
-90.8019323671498,4.89,477.246376811594
-90.8446601941748,4.92,463.543689320388
-90.8164251207729,4.82,519.51690821256
-90.8341708542714,4.82,515.477386934673
-90.7874396135266,4.92,470.724637681159
-90.8212560386473,4.89,479.420289855072
-90.714953271028,4.94,450.934579439253
-90.8241206030151,4.85,506.723618090452
-90.8644859813084,4.89,479.07476635514
-90.6884422110553,4.87,485.185929648241
-90.7102803738318,4.89,480.897196261682
-90.7537688442211,4.77,538.482412060302
-90.7621359223301,4.92,460.495145631068
-90.6376811594203,4.89,474.657004830918
-90.7897196261682,4.94,453.897196261682
-90.7487922705314,4.87,498.888888888889
-90.7233009708738,4.87,485.679611650486
-90.743961352657,4.92,466.212560386473
-90.7487922705314,4.89,478.541062801932
-90.7536231884058,4.87,473.19806763285
-90.7391304347826,4.92,464.405797101449
-90.7294685990338,4.89,469.062801932367
-90.5776699029126,4.94,459.058252427184
-90.7488372093023,4.92,463.544186046512
-90.7378640776699,4.89,478.058252427184
-90.7658536585366,4.85,499.804878048781
-90.7826086956522,4.92,466.425120772947
-90.7184466019417,4.89,485.145631067961
-90.5893719806763,4.92,463.92270531401
-90.6165048543689,4.94,461.68932038835
-90.6511627906977,4.96,447.237209302325
-90.6618357487923,4.92,448.80193236715
-90.6811594202899,4.89,477.864734299517
-90.5652173913043,4.89,471.178743961353
-90.5410628019324,4.92,465.874396135266
-90.6634615384615,4.82,514.673076923077
-90.6893203883495,4.89,477.563106796117
-90.5265700483092,4.89,476.995169082126
-90.5388349514563,4.89,476.78640776699
-90.6038647342995,4.96,450.222222222222
-90.4532710280374,4.94,462.130841121495
-90.5797101449275,4.85,476.212560386473
-90.775,4.89,505.05
-63.1699029126214,4.92,460.320388349514
-63.0873786407767,4.89,482.145631067961
-63.0970873786408,4.92,461.970873786408
-63.1023255813953,4.96,445.981395348837
-62.9368932038835,4.89,478.26213592233
-63.1456310679612,4.94,458.640776699029
-63.0193236714976,4.94,459.265700483092
-62.9813953488372,4.94,452.353488372093
-62.8980582524272,4.92,464.446601941748
-62.8872549019608,4.94,463.166666666667
-62.8279069767442,4.92,459.088372093023
-62.8058252427184,4.92,479.184466019417
-62.8932038834951,4.92,465.805825242719
-62.8252427184466,4.89,475.766990291262
-62.9271844660194,4.94,453.184466019417
-62.8837209302326,4.92,453.609302325581
-62.9029126213592,4.94,456.834951456311
-62.8446601941748,4.92,470.95145631068
-62.8504672897196,4.92,469.308411214953
-62.8937198067633,4.92,464.067632850241
-62.8446601941748,4.92,466.368932038835
-62.8543689320388,4.92,470.097087378641
-62.8349514563107,4.89,469.78640776699
-62.9627906976744,4.94,457.953488372093
-62.9468599033816,4.92,462.830917874396
-62.8932038834951,4.94,452.592233009709
-62.9018691588785,4.92,474.392523364486
-62.8834951456311,4.92,468.640776699029
-62.8834951456311,4.94,455.669902912621
-62.8550724637681,4.92,458.714975845411
-62.9439252336449,4.94,444.570093457944
-62.9126213592233,4.94,462.291262135922
-62.9466019417476,4.87,489.747572815534
-62.8932038834951,4.85,474.757281553398
-62.9371980676328,4.92,471.314009661836
-62.9205607476636,4.89,478.728971962617
-62.7912621359223,4.89,480.708737864078
-62.9565217391304,4.96,447.951690821256
-62.8937198067633,4.89,461.497584541063
-62.7729468599034,4.89,477.082125603865
-62.8743961352657,4.87,472.927536231884
-62.8785046728972,4.92,461.915887850467
-62.752427184466,4.94,459.31067961165
-62.7330097087379,4.92,465.533980582524
-62.9227053140097,4.92,473.671497584541
-62.8495145631068,4.89,472.21359223301
-62.7616822429907,4.92,455.981308411215
-62.7184466019417,4.94,454.961165048544
-62.7427184466019,4.89,479.04854368932
-62.7777777777778,4.89,479.806763285024
-62.8084112149533,4.92,465.785046728972
-62.8009708737864,4.89,474.135922330097
-62.7669902912621,4.92,463.572815533981
-62.7777777777778,4.94,456.24154589372
-62.7864077669903,4.85,486.077669902912
-62.8046511627907,4.94,461.841860465116
-62.6699029126214,4.89,478.339805825243
-62.7233009708738,4.89,478.504854368932
-62.7815533980583,4.89,475.766990291262
-62.7246376811594,4.92,467.574879227053
-62.8592233009709,4.94,456.699029126214
-62.8084112149533,4.92,473.570093457944
-62.7718446601942,4.89,471.446601941748
-62.7621359223301,4.92,467.436893203883
-62.7101449275362,4.89,478.772946859903
-62.7864077669903,4.92,474.601941747573
-62.8457943925234,4.94,458.271028037383
-62.7572815533981,4.92,464.320388349514
-62.9468599033816,4.89,476.608695652174
-62.7427184466019,4.92,468.621359223301
-62.8599033816425,4.92,464.347826086957
-62.8504672897196,4.92,466.831775700934
-62.8446601941748,4.96,453.145631067961
-62.8834951456311,4.94,450.233009708738
-62.8046511627907,4.94,458.148837209302
-62.9029126213592,4.89,476.038834951456
-62.8398058252427,4.92,472.660194174757
-62.9417475728155,4.92,470.631067961165
-62.9902912621359,4.89,471.223300970874
-63.0487804878049,4.92,491.170731707317
-81.2663551401869,4.94,461.327102803738
-81.1504854368932,4.92,464.912621359224
-81.1407766990291,4.92,469.184466019417
-81.1304347826087,4.94,455.545893719807
-81.0560747663551,4.92,468.457943925234
-81.1594202898551,4.92,461.855072463768
-81.0631067961165,4.96,451.271844660194
-81.0291262135922,4.89,470.281553398058
-81.0790697674419,4.94,463.302325581396
-81.0686274509804,4.92,471.058823529412
-81.0291262135922,4.89,472.417475728155
-81.0604651162791,4.92,460.195348837209
-81.2233009708738,4.92,460.825242718447
-81.1796116504854,4.94,473.087378640776
-81.1067961165049,4.94,453.553398058252
-81.0976744186047,4.92,472.093023255814
-81.1796116504854,4.87,472.174757281553
-81.1553398058252,4.92,464.854368932039
-81.0970873786408,4.94,460.436893203883
-81.1553398058252,4.92,472.291262135922
-81.1255813953488,4.89,473.553488372093
-81.1207729468599,4.96,446.95652173913
-81.0873786407767,4.92,469.330097087379
-81.131067961165,4.92,460.893203883495
-81.1635514018692,4.92,463.345794392523
-81.1497584541063,4.94,467.033816425121
-81.1553398058252,4.92,461.271844660194
-81.1456310679612,4.92,465.029126213592
-81.1915887850467,4.92,473.233644859813
-81.0194174757282,4.92,469.805825242719
-81.0917874396135,4.89,476.193236714976
-81.0679611650485,4.92,468.233009708738
-81.0825242718447,4.92,465.776699029126
-81.1214953271028,4.92,463.81308411215
-81.1165048543689,4.94,455.73786407767
-81.1304347826087,4.94,460.309178743961
-81.1400966183575,4.92,463.333333333333
-81.0233644859813,4.94,458.859813084112
-81.0242718446602,4.92,471.73786407767
-81.1062801932367,4.92,464.386473429952
-81.1588785046729,4.94,457.084112149533
-81.0485436893204,4.94,455.135922330097
-81.1116504854369,4.96,446.485436893204
-81.0922330097087,4.89,469.766990291262
-81.0837209302326,4.94,466.73488372093
-81.0873786407767,4.89,468.26213592233
-81.0970873786408,4.94,460.456310679612
-81.004854368932,4.89,476.427184466019
-81.1553398058252,4.87,498.514563106796
-81.0837209302326,4.92,458.455813953488
-81.004854368932,4.96,451.961165048544
-81.0917874396135,4.94,455.275362318841
-81.0794392523364,4.92,468.11214953271
-81.0555555555556,4.87,487.808080808081
-81.0093023255814,4.92,461.237209302325
-81.0728155339806,4.96,454.097087378641
-81.0776699029126,4.89,480.203883495145
-80.9611650485437,4.92,462.631067961165
-80.8837209302326,4.96,451.023255813954
-81.0145631067961,4.92,463.145631067961
-80.9660194174757,4.89,476.077669902912
-80.892523364486,4.99,441.102803738318
-80.9033816425121,4.92,463.584541062802
-80.9368932038835,4.89,475.766990291262
-81.0420560747664,4.94,458.607476635514
-81.0582524271845,4.89,478.893203883495
-80.8695652173913,4.89,478.734299516908
-80.8495145631068,4.89,473.980582524272
-81.0096618357488,4.92,470.492753623188
-80.8921568627451,4.89,470.990196078431
-80.9395348837209,4.94,463.125581395349
-80.9174757281553,4.94,450.980582524272
-80.8932038834951,4.94,454.912621359224
-80.9299065420561,4.92,465.242990654206
-80.9323671497584,4.89,478.115942028986
-80.8640776699029,4.96,447.601941747573
-80.9065420560748,4.94,457.168224299066
-80.873786407767,4.89,470.300970873786
-80.9563106796116,4.89,468.106796116505
-80.7878787878788,4.92,515.878787878788
-61.5348837209302,4.94,466.288372093023
-61.6796116504854,4.92,461.747572815534
-61.6504854368932,4.94,462.174757281553
-61.626213592233,4.94,452.184466019417
-61.4744186046512,4.92,468.027906976744
-61.5291262135922,4.89,472.932038834952
-61.5436893203884,4.94,458.126213592233
-61.5728155339806,4.94,462.902912621359
-61.3813953488372,4.89,477.162790697675
-61.4320388349515,4.92,459.019417475728
-61.4902912621359,4.94,461.621359223301
-61.3872549019608,4.89,472.078431372549
-61.5255813953488,4.92,470.325581395349
-61.3932038834951,4.94,442.203883495145
-61.504854368932,4.94,457.864077669903
-61.4697674418605,4.94,459.683720930233
-61.3285024154589,4.94,452.888888888889
-61.4299516908213,4.94,443.429951690821
-61.4953271028037,4.94,452.093457943925
-61.3834951456311,4.89,473.203883495145
-61.3106796116505,4.94,458.330097087379
-61.5348837209302,4.94,453.404651162791
-61.4417475728155,4.89,477.650485436893
-61.4320388349515,4.94,457.436893203883
-61.5485436893204,4.94,463.776699029126
-61.4186046511628,4.94,453.283720930232
-61.5922330097087,4.89,463.349514563107
-61.4854368932039,4.92,467.563106796117
-61.4626168224299,4.94,458.373831775701
-61.4541062801932,4.89,468.975845410628
-61.4417475728155,4.92,464.95145631068
-61.4541062801932,4.94,464.115942028986
-61.4805825242718,4.92,474.252427184466
-61.5679611650485,4.89,467.281553398058
-61.4046511627907,4.89,480.558139534884
-61.4223300970874,4.92,471.572815533981
-61.378640776699,4.87,488.854368932039
-61.5242718446602,4.89,482.650485436893
-61.4174757281553,4.92,468.446601941748
-61.4805825242718,4.92,469.864077669903
-61.4046511627907,4.92,459.106976744186
-61.5776699029126,4.92,468.31067961165
-61.3592233009709,4.94,454.456310679612
-61.4660194174757,4.94,459.873786407767
-61.4232558139535,4.92,464.474418604651
-61.3592233009709,4.92,465.543689320388
-61.4541062801932,4.94,460.995169082126
-61.6038647342995,4.92,449.92270531401
-61.4744186046512,4.96,454.846511627907
-61.378640776699,4.92,465.126213592233
-61.4563106796116,4.94,448.776699029126
-61.4859813084112,4.96,451.102803738318
-61.4611650485437,4.89,471.883495145631
-61.4734299516908,4.94,461.874396135266
-61.5,4.94,455.96261682243
-61.4417475728155,4.89,474.427184466019
-61.4757281553398,4.94,461.126213592233
-61.4563106796116,4.89,483.145631067961
-61.4154589371981,4.89,455.932367149759
-61.4672897196262,4.94,462.943925233645
-61.5145631067961,4.92,471.087378640776
-61.3333333333333,4.89,457.004830917874
-61.5631067961165,4.94,456.330097087379
-61.5441860465116,4.89,484.390697674419
-61.5728155339806,4.94,459.844660194175
-61.4,2.12,464.577777777778
-61.6064516129032,3.72,6386.87741935484
-61.5970873786408,4.89,473.446601941748
-61.626213592233,4.92,463.135922330097
-61.5,4.89,482.291262135922
-61.5348837209302,4.92,456.920930232558
-61.4757281553398,4.92,473.087378640776
-61.495145631068,4.85,490.223300970874
-61.5728155339806,4.94,459.660194174757
-61.553488372093,4.92,462.372093023256
-61.5728155339806,4.89,484.26213592233
-61.4541062801932,4.89,469.468599033817
-61.6908212560386,4.96,443.082125603865
-61.7073170731707,4.81,516.09756097561
-69.7135922330097,4.92,464.747572815534
-69.8495145631068,4.92,462.572815533981
-69.975845410628,4.89,478
-69.911214953271,4.94,456.672897196262
-69.8300970873786,4.92,468.174757281553
-69.9854368932039,4.96,450.04854368932
-69.9708737864078,4.92,459.126213592233
-69.8604651162791,4.89,480.818604651163
-70.0873786407767,4.94,458.281553398058
-69.9757281553398,4.94,453.339805825243
-69.9441860465116,4.94,464.967441860465
-70.0533980582524,4.89,478.116504854369
-69.9855072463768,4.89,464.473429951691
-69.9368932038835,4.92,461.495145631068
-69.9223300970874,4.92,475.504854368932
-70.0339805825243,4.89,462.087378640776
-69.9069767441861,4.92,462.772093023256
-69.8883495145631,4.92,471.825242718447
-69.8446601941748,4.89,476.669902912621
-69.8155339805825,4.89,475.805825242719
-69.6558139534884,4.94,448.018604651163
-69.8009708737864,4.92,472.194174757281
-69.7718446601942,4.89,473.844660194175
-69.7766990291262,4.89,484.601941747573
-69.9223300970874,4.92,470.359223300971
-69.9223300970874,4.89,476.495145631068
-69.6796116504854,4.89,475.834951456311
-69.8,4.92,465.6
-69.8985507246377,4.94,459.169082125604
-69.7815533980583,4.94,465.116504854369
-69.7766990291262,4.89,467.922330097088
-69.6279069767442,4.96,444.288372093023
-69.7961165048544,4.94,465.300970873786
-69.8203883495146,4.92,465.961165048544
-69.753488372093,4.92,464.809302325581
-69.9174757281553,4.89,464.446601941748
-69.9660194174757,4.92,472
-69.8058252427184,4.92,460.796116504855
-69.8130841121495,4.92,467.897196261682
-69.8260869565217,4.92,469.51690821256
-69.873786407767,4.94,458.631067961165
-69.8834951456311,4.85,479.893203883495
-69.7233009708738,4.89,473.883495145631
-69.9348837209302,4.94,460.809302325581
-69.609756097561,4.92,470.965853658537
-69.8495145631068,4.89,478.873786407767
-69.7766990291262,4.92,457.796116504855
-69.7523364485981,4.92,474.140186915888
-69.9082125603865,4.89,472.821256038647
-69.7912621359223,4.96,433.660194174757
-69.868932038835,4.92,471.73786407767
-69.8271028037383,4.96,442.626168224299
-69.7912621359223,4.92,463.407766990291
-69.7971014492754,4.89,481.169082125604
-69.892523364486,4.94,464.065420560747
-69.873786407767,4.89,468.805825242719
-69.8592233009709,4.92,467.766990291262
-69.6747572815534,4.94,466.21359223301
-69.743961352657,4.92,457.690821256039
-69.7767441860465,4.94,464.586046511628
-69.8883495145631,4.92,462.029126213592
-69.7572815533981,4.92,466
-69.7135922330097,4.92,468.339805825243
-69.9116279069767,4.92,471.776744186046
-69.878640776699,4.89,471.611650485437
-69.6990291262136,4.94,463.106796116505
-69.8398058252427,4.92,464.941747572816
-69.9077669902913,4.92,462.21359223301
-69.8093023255814,4.89,479.227906976744
-69.7766990291262,4.92,474.825242718447
-69.747572815534,4.89,476.631067961165
-69.7718446601942,4.92,464.980582524272
-69.878640776699,4.92,469.912621359224
-69.8279069767442,4.94,459.46976744186
-69.9855072463768,4.89,469.613526570048
-69.7669902912621,4.92,457.893203883495
-69.7135922330097,4.92,467.669902912621
-69.9417475728155,4.92,469.155339805825
-69.7069767441861,4.89,479.125581395349
-69.78125,4.92,517.875
-65.9126213592233,4.89,470.456310679612
-66.0145631067961,4.92,470.815533980583
-66.0434782608696,4.92,467.275362318841
-66.0841121495327,4.92,468.981308411215
-66.0291262135922,4.92,467.359223300971
-65.8640776699029,4.92,471.669902912621
-65.9320388349515,4.92,470.776699029126
-65.9710144927536,4.92,466.589371980676
-65.9766355140187,4.92,456.214953271028
-65.9613526570048,4.94,452.685990338164
-65.7961165048544,4.92,465.553398058252
-65.7427184466019,4.89,475.873786407767
-65.8604651162791,4.94,453.646511627907
-65.7135922330097,4.96,449.718446601942
-65.9018691588785,4.92,456.831775700934
-65.9082125603865,4.92,471.19806763285
-65.9757281553398,4.89,473.679611650486
-65.752427184466,4.92,465.097087378641
-65.7281553398058,4.92,466.456310679612
-65.7757009345794,4.94,461.672897196262
-65.8212560386473,4.89,473.75845410628
-65.7233009708738,4.96,449.038834951456
-65.9126213592233,4.92,459.252427184466
-65.8971962616822,4.92,473.028037383177
-65.7826086956522,4.94,453.391304347826
-65.9514563106796,4.92,472.04854368932
-65.7874396135266,4.92,469.342995169082
-65.8177570093458,4.94,450.355140186916
-65.8300970873786,4.94,456.320388349514
-65.8834951456311,4.92,467.844660194175
-65.8067632850242,4.92,467.613526570048
-66.0233644859813,4.92,468.654205607477
-65.7669902912621,4.94,456.864077669903
-65.873786407767,4.92,473.776699029126
-65.878640776699,4.89,470.067961165048
-65.8697674418605,4.94,459.097674418605
-65.9126213592233,4.92,468.611650485437
-65.8106796116505,4.92,460.097087378641
-65.752427184466,4.92,473.912621359224
-65.7860465116279,4.92,469.488372093023
-65.8985507246377,4.94,449.236714975845
-65.8155339805825,4.94,461.932038834952
-65.6504854368932,4.89,468.271844660194
-65.8349514563107,4.92,468.533980582524
-65.8651162790698,4.92,468.706976744186
-65.7864077669903,4.92,472.621359223301
-65.7281553398058,4.94,459.864077669903
-65.6019417475728,4.87,484.495145631068
-65.6796116504854,4.89,483.95145631068
-65.6811594202899,4.89,476.24154589372
-65.7663551401869,4.92,468.401869158879
-65.6019417475728,4.89,484.087378640776
-65.6116504854369,4.92,459.718446601942
-65.7961165048544,4.89,472.95145631068
-65.6418604651163,4.94,458.102325581395
-65.5922330097087,4.92,463.291262135922
-65.5942028985507,4.89,463.410628019324
-65.752427184466,4.94,461.456310679612
-65.6747572815534,4.92,465.029126213592
-65.5395348837209,4.92,468.409302325581
-65.7087378640777,4.92,458.504854368932
-65.7815533980583,4.92,479.679611650486
-65.7718446601942,4.92,468.52427184466
-65.5291262135922,4.89,472.941747572816
-65.5581395348837,4.89,476.744186046511
-65.5873786407767,4.87,475.621359223301
-65.6116504854369,4.94,468.990291262136
-65.7184466019417,4.96,452.796116504855
-65.626213592233,4.89,469.281553398058
-65.5953488372093,4.92,468.762790697675
-65.5776699029126,4.94,455.844660194175
-65.6521739130435,4.94,464.193236714976
-65.6601941747573,4.89,472.077669902912
-65.753488372093,4.96,452.120930232558
-65.6941747572816,4.92,466.864077669903
-65.8009708737864,4.92,465.728155339806
-65.7429906542056,4.92,460.700934579439
-65.6570048309179,4.94,457.130434782609
-65.8446601941748,4.94,465.145631067961
-65.825,4.90,531.65
-72.3878504672897,4.94,456.934579439253
-72.3834951456311,4.89,475.029126213592
-72.4902912621359,4.92,459.582524271845
-72.5507246376812,4.94,451.777777777778
-72.4186046511628,4.94,461.451162790698
-72.4223300970874,4.94,456.126213592233
-72.4466019417476,4.92,463.902912621359
-72.4372093023256,4.96,448.13023255814
-72.3446601941748,4.89,478.864077669903
-72.3349514563107,4.89,472.174757281553
-72.2669902912621,4.92,466.281553398058
-72.2582159624413,4.96,447.737089201878
-72.1844660194175,4.94,460.446601941748
-72.2912621359223,4.92,457.466019417476
-72.1308411214953,4.94,465.700934579439
-72.3236714975845,4.92,458.95652173913
-72.1019417475728,4.92,466.650485436893
-72.1941747572816,4.92,468.990291262136
-72.0930232558139,4.92,470.148837209302
-72.1504854368932,4.92,467.669902912621
-72.1014492753623,4.94,451.806763285024
-72.1400966183575,4.92,461.671497584541
-72.2523364485981,4.92,460.308411214953
-72.1893203883495,4.89,485.368932038835
-72.0922330097087,4.92,463.116504854369
-72.1014492753623,4.89,478.618357487923
-72.0922330097087,4.92,474.660194174757
-72.2572815533981,4.92,470.223300970874
-72.1168224299065,4.94,453.682242990654
-72.0728155339806,4.87,481.980582524272
-72.1980676328502,4.92,474.289855072464
-72.1893203883495,4.92,463.990291262136
-72.1214953271028,4.99,435.467289719626
-72.2330097087379,4.92,467.349514563107
-72.0579710144928,4.96,451.739130434783
-71.9953488372093,4.92,465.86976744186
-72.1941747572816,4.89,477.320388349514
-72.1165048543689,4.92,457.873786407767
-72.0533980582524,4.92,475.582524271845
-72.1165048543689,4.92,464.155339805825
-72.0604651162791,4.92,472.120930232558
-72.0970873786408,4.94,447.844660194175
-72.1650485436893,4.89,485.504854368932
-72.0291262135922,4.92,464.233009708738
-72.0728155339806,4.92,466.097087378641
-72.0186046511628,4.89,479.367441860465
-71.8980582524272,4.92,468.912621359224
-71.8980582524272,4.89,468.912621359224
-71.8300970873786,4.89,473.631067961165
-71.9565217391304,4.94,462.80193236715
-71.8738317757009,4.92,464.317757009346
-72.0676328502416,4.94,458.193236714976
-72.126213592233,4.89,482.106796116505
-71.9223300970874,4.94,448.291262135922
-71.9162790697674,4.92,468.111627906977
-71.9029126213592,4.89,485.776699029126
-71.9902912621359,4.92,468.883495145631
-71.9854368932039,4.94,453.834951456311
-72.0339805825243,4.92,469.47572815534
-72.0325581395349,4.94,449.637209302326
-71.9611650485437,4.94,453.902912621359
-71.9626168224299,4.96,450.691588785047
-72.0146341463415,4.92,458.624390243902
-72,4.92,472.194174757281
-72.1214953271028,4.92,465.523364485981
-72.0193236714976,4.96,450.782608695652
-72.0291262135922,4.94,456.26213592233
-72.0917874396135,4.89,471.990338164251
-72,4.94,459.345794392523
-72.0922330097087,4.92,468.436893203883
-72.1893203883495,4.92,471.640776699029
-72.3188405797101,4.87,483.555555555556
-72.2815533980583,4.94,456.563106796117
-72.2009345794392,4.92,467.046728971963
-72.3932038834951,4.92,466.155339805825
-72.2233009708738,4.92,467.902912621359
-72.1835748792271,4.94,463.942028985507
-72.4766355140187,4.92,461.682242990654
-72.4077669902913,4.94,452.640776699029
-72.40625,4.92,548.5625
