0,164734,000.00,3250.76411,09646.74326,-64,0,1,0,0.000000000000
0,164735,000.00,3250.76411,09646.74326,-63.4342105263158,0,76,3621.84210526316,0.000178666667
164744.00,164736,000.00,3250.75291,09646.74751,-62.7442396313364,0,434,2320.20276497696,0.001008000000
164745.00,164737,000.00,3250.75293,09646.74751,-62.6169724770642,0,436,2311.56880733945,0.000764000000
164746.00,164738,000.00,3250.75291,09646.74753,-63.1792452830189,0,212,4753.91509433962,0.000569333333
164747.00,164739,000.00,3250.75290,09646.74756,-62.8689655172414,0,435,2313.94022988506,0.000520000000
164748.00,164740,000.00,3250.75288,09646.74761,-62.9884792626728,0,434,2322.10138248848,0.000585333333
164749.00,164741,000.00,3250.75290,09646.74761,-62.974025974026,0,231,4364.28571428571,0.000845333333
164750.00,164742,000.00,3250.75289,09646.74765,-63.270207852194,0,433,2324.96997690531,0.000910666667
164751.00,164743,000.00,3250.75290,09646.74766,-63.3867276887872,0,437,2309.50114416476,0.000650666667
164752.00,164744,000.00,3250.75292,09646.74767,-63.9202127659574,0,188,5837.45744680851,0.000422666667
164753.00,164745,000.00,3250.75287,09646.74770,-63.9292929292929,0,396,2317.88383838384,0.000585333333
164754.00,164746,000.00,3250.75285,09646.74772,-64.7149425287356,0,435,2316.62528735632,0.000926666667
164755.00,164747,000.00,3250.75283,09646.74773,-64.036866359447,0,434,2317.22119815668,0.000438666667
164756.00,164748,000.00,3250.75281,09646.74774,-64.0529953917051,0,434,2321.2534562212,0.000682666667
164757.00,164749,000.00,3250.75279,09646.74774,-63.8781609195402,0,435,2316.4091954023,0.000520000000
164758.00,164750,000.00,3250.75277,09646.74774,-64.1422018348624,0,436,2310.80733944954,0.000666666667
164759.00,164751,000.00,3250.75276,09646.74774,-64.3584474885845,0,438,2303.6803652968,0.000244000000
164800.00,164752,000.81,3250.75285,09646.74775,-64.1013824884793,0,434,2320.50230414747,0.000601333333
164801.00,164753,000.37,3250.75285,09646.74769,-63.9679633867277,0,437,2303.77116704805,0.000406666667
164802.00,164754,000.00,3250.75283,09646.74774,-64.0690909090909,0,275,3668.83636363636,0.001024000000
164803.00,164755,000.00,3250.75284,09646.74772,-63.8967889908257,0,436,2308.5504587156,0.000504000000
164804.00,164756,000.00,3250.75284,09646.74773,-63.7958579881657,0,338,3244.04142011834,0.000341333333
164805.00,164757,000.00,3250.75287,09646.74773,-63.816120906801,0,397,2316.37783375315,0.000845333333
164806.00,164758,000.00,3250.75288,09646.74774,-64,0,435,2313.5724137931,0.000666666667
164807.00,164759,000.25,3250.75289,09646.74769,-63.0779816513761,0,436,2309.85321100917,0.000585333333
164808.00,164800,000.49,3250.75287,09646.74769,-61.3640552995392,0,434,2321.30414746544,0.000845333333
164809.00,164801,001.13,3250.75272,09646.74775,-57.9701834862385,0,436,2313.71100917431,0.000845333333
164810.00,164802,003.23,3250.75229,09646.74754,-57.5160550458716,0,436,2308.20183486239,0.000569333333
164811.00,164803,006.09,3250.75136,09646.74742,-67.4896551724138,0,435,2318.7724137931,0.000178666667
164812.00,164804,005.70,3250.75051,09646.74727,-71.9257540603248,0,431,2337.37819025522,0.000780000000
164813.00,164805,006.88,3250.74948,09646.74715,-69.8410138248848,0,434,2321.58986175115,0.001024000000
164814.00,164806,007.18,3250.74840,09646.74704,-66.0597701149425,0,435,2315.61379310345,0.000829333333
164815.00,164807,008.79,3250.74709,09646.74695,-67.4505747126437,0,435,2315.31034482759,0.000650666667
164816.00,164808,011.43,3250.74538,09646.74683,-67.1470588235294,0,408,2472.67647058824,0.000569333333
164817.00,164809,012.03,3250.74358,09646.74680,-65.0331753554502,0,422,2386.61611374408,0.000520000000
164818.00,164810,007.07,3250.74254,09646.74683,-70.5926892950392,0,383,2626.76240208877,0.000373333333
164819.00,164811,002.31,3250.74220,09646.74685,-60.649885583524,0,437,2309.23112128146,0.000178666667
164820.00,164812,003.76,3250.74161,09646.74693,-60.7018348623853,0,436,2308.54587155963,0.000097333333
164821.00,164813,008.21,3250.74053,09646.74757,-66.2732732732733,0,333,3027.81981981982,0.000178666667
164822.00,164814,010.88,3250.73947,09646.74896,-71.1752021563342,0,371,2716.22641509434,0.000097333333
164823.00,164815,013.47,3250.73894,09646.75118,-69.3785166240409,0,391,2581.47826086957,0.000194666667
164824.00,164816,016.07,3250.73882,09646.75395,-66.0086455331412,0,347,2896.99135446686,0.000081333333
164825.00,164817,017.44,3250.73885,09646.75696,-69.1383812010444,0,383,2634.57441253264,0.000097333333
164826.00,164818,018.93,3250.73891,09646.76025,-70.9828178694158,0,291,3464.30240549828,0.000000000000
164827.00,164819,020.79,3250.73881,09646.76387,-69.3236994219653,0,346,2911.94797687861,0.000178666667
164828.00,164820,023.13,3250.73843,09646.76789,-66.8076923076923,0,156,7029.83333333333,0.000000000000
164829.00,164821,024.77,3250.73833,09646.77221,-69.7901234567901,0,243,3738.96296296296,0.000194666667
164830.00,164822,026.23,3250.73840,09646.77677,-71.36328125,0,256,3943.6640625,0.000178666667
164831.00,164823,026.88,3250.73848,09646.78147,-72.4590163934426,0,183,5479.07103825137,0.000097333333
164832.00,164824,027.15,3250.73847,09646.78621,-70.8794326241135,0,141,8571.37588652482,0.000097333333
164834.00,164825,028.35,3250.73841,09646.79602,-71.4705882352941,0,68,19294.8823529412,0.000194666667
164834.00,164826,028.35,3250.73841,09646.79602,-71.3700787401575,0,127,3980.91338582677,0.000000000000
164835.00,164827,028.86,3250.73816,09646.80107,-70.4239482200647,0,309,3218.47896440129,0.000097333333
164836.00,164828,029.77,3250.73807,09646.80628,-69.46875,0,224,4500.99107142857,0.000194666667
164837.00,164829,029.84,3250.73820,09646.81152,-69.2937062937063,0,143,7595.56643356643,0.000194666667
164839.00,164830,030.42,3250.73836,09646.82220,-70.5454545454545,0,11,126237.636363636,0.000097333333
164839.00,164831,030.42,3250.73836,09646.82220,-69.1654676258993,0,139,3809.61151079137,0.000000000000
164840.00,164832,030.21,3250.73848,09646.82752,-66.2525,0,400,2518.19,0.000178666667
164841.00,164833,028.67,3250.73830,09646.83253,-68.4225806451613,0,310,3265.16129032258,0.000178666667
164842.00,164834,026.66,3250.73831,09646.83721,-65.3941176470588,0,170,5902.30588235294,0.000097333333
164844.00,164835,018.86,3250.73849,09646.84447,-59.8,0,55,6068.98181818182,0.000341333333
164845.00,164836,018.86,3250.73870,09646.84721,-58.6222222222222,0,90,2292.28888888889,0.000260000000
164845.00,164837,015.50,3250.73870,09646.84721,-56.6556603773585,0,424,2381.18867924528,0.000000000000
164847.00,164838,009.69,3250.73944,09646.85107,-54.9134615384615,0,312,2312.09615384615,0.000260000000
164848.00,164839,010.27,3250.74014,09646.85277,-63.6176470588235,0,102,6431.90196078431,0.000325333333
164849.00,164840,010.27,3250.74127,09646.85430,-66.0878378378378,0,148,5131.67567567568,0.000703000000
164850.00,164841,011.74,3250.74282,09646.85517,-67.65,0,100,6423.62,0.000601333333
164850.00,164842,011.74,3250.74282,09646.85517,-68.1747572815534,0,103,2284.79611650485,0.000244000000
164851.00,164843,010.70,3250.74440,09646.85527,-69.9299516908213,0,414,2434.89371980676,0.000357333333
164853.00,164844,011.17,3250.74766,09646.85506,-64.5667447306792,0,427,2319.44730679157,0.001063333333
164854.00,164845,011.09,3250.74927,09646.85496,-61.0860927152318,0,151,5128.25165562914,0.000966000000
164855.00,164846,011.08,3250.75088,09646.85492,-58.7326732673267,0,101,6335.52475247525,0.000945666667
164855.00,164847,011.08,3250.75088,09646.85492,-61,0,1,0,0.000950000000
164856.00,164848,010.77,3250.75248,09646.85456,-60.2083333333333,0,408,2315.28431372549,0.000986333333
164857.00,164849,012.42,3250.75431,09646.85427,-63.1484716157205,0,229,4404.15720524017,0.001140333333
164859.00,164850,014.35,3250.75832,09646.85377,-64.0836820083682,0,239,4058.55230125523,0.001035666667
164900.00,164851,014.60,3250.76044,09646.85352,-69.1333333333333,0,150,5188.69333333333,0.001123000000
164901.00,164852,015.05,3250.76269,09646.85347,-68,0,1,0,0.000706000000
164902.00,164853,015.05,3250.76499,09646.85350,-68.0515021459227,0,233,2604.76394849785,0.000000000000
164903.00,164854,015.36,3250.76725,09646.85339,-65.0715990453461,0,419,2403.70883054893,0.000178666667
164904.00,164855,016.78,3250.76978,09646.85340,-64.3343373493976,0,332,2982.15662650602,0.000536000000
164905.00,164856,016.42,3250.77229,09646.85337,-68.317880794702,0,151,5208.45033112583,0.000504000000
164906.00,164857,016.80,3250.77482,09646.85331,-61,0,1,0,0.000650666667
164907.00,164858,016.80,3250.77718,09646.85321,-65.6899224806202,0,129,2399.78294573643,0.000732000000
164908.00,164859,015.57,3250.77970,09646.85299,-63.5904761904762,0,420,2394.16666666667,0.000732000000
164909.00,164900,017.46,3250.78237,09646.85299,-65.0355329949239,0,394,2515.79187817259,0.000813333333
164910.00,164901,018.25,3250.78513,09646.85292,-65.9477124183007,0,153,5083.80392156863,0.000926666667
164912.00,164902,015.05,3250.78998,09646.85264,-69.0769230769231,0,104,6321.46153846154,0.000910666667
164912.00,164903,015.05,3250.78998,09646.85264,-69.0769230769231,0,0,0,0.000813333333
164913.00,164904,014.49,3250.79223,09646.85258,-70.8449848024316,0,329,2853.33130699088,0.000926666667
164914.00,164905,011.80,3250.79402,09646.85249,-69.2518159806295,0,413,2441.73849878935,0.000910666667
164915.00,164906,006.32,3250.79504,09646.85226,-68.7118644067797,0,236,4137.1186440678,0.001008000000
164916.00,164907,003.49,3250.79561,09646.85213,-58.7669902912621,0,103,6363.72815533981,0.000910666667
164917.00,164908,006.01,3250.79653,09646.85177,-58.7669902912621,0,0,0,0.000732000000
164918.00,164909,008.45,3250.79754,09646.85082,-63.2346570397112,0,277,2313.78339350181,0.000650666667
164919.00,164910,010.80,3250.79821,09646.84908,-65.2821100917431,0,436,2307.25688073394,0.000845333333
164920.00,164911,013.28,3250.79837,09646.84677,-65.4494047619048,0,336,2965.63095238095,0.000829333333
164921.00,164912,015.44,3250.79827,09646.84406,-69.0098039215686,0,102,6416.43137254902,0.000569333333
164922.00,164913,016.93,3250.79828,09646.84116,-69.0098039215686,0,0,0,0.000813333333
164923.00,164914,018.01,3250.79843,09646.83804,-66.0914634146341,0,164,2316.9756097561,0.000504000000
164924.00,164915,018.66,3250.79846,09646.83484,-67.4736842105263,0,418,2412.9043062201,0.000178666667
164925.00,164916,019.61,3250.79852,09646.83148,-67.547263681592,0,402,2518.38308457711,0.000097333333
164928.00,164917,023.84,3250.79864,09646.81955,-69.3684210526316,0,152,7718.98684210526,0.000194666667
164928.00,164918,023.84,3250.79864,09646.81955,-72,0,1,0,0.000000000000
164928.00,164919,023.84,3250.79864,09646.81955,-73.125,0,8,2861.75,0.000000000000
164929.00,164920,025.08,3250.79879,09646.81515,-69.8181818181818,0,297,3388.61952861953,0.000097333333
164930.00,164921,025.18,3250.79897,09646.81075,-67.4690721649485,0,388,2587.43298969072,0.000178666667
164931.00,164922,026.01,3250.79901,09646.80620,-71.6478873239437,0,213,4729.81220657277,0.001922000000
164933.00,164924,026.35,3250.79899,09646.79692,-72.4210526315789,0,57,40676.9122807018,0.000000000000
164934.00,164925,026.50,3250.79894,09646.79224,-68.5017793594306,0,281,2497.54448398577,0.000097333333
164935.00,164926,026.72,3250.79897,09646.78754,-71.1710526315789,0,228,4379.3947368421,0.000097333333
164936.00,164927,027.07,3250.79900,09646.78278,-71.5185185185185,0,189,5343.37566137566,0.000097333333
164938.00,164929,026.57,3250.79918,09646.77328,-69.9262295081967,0,122,5166.85245901639,0.000097333333
164939.00,164930,026.62,3250.79925,09646.76859,-68.4375,0,176,2428.02272727273,0.000194666667
164940.00,164931,026.81,3250.79937,09646.76382,-65.7311557788945,0,398,2527.92964824121,0.000097333333
164941.00,164932,025.76,3250.79932,09646.75928,-66.6973365617433,0,413,2441.51089588378,0.000194666667
164942.00,164933,024.84,3250.79933,09646.75488,-72.05,0,140,7195.02857142857,0.000097333333
164944.00,164934,015.26,3250.79924,09646.74840,-71,0,8,245697,0.000097333333
164944.00,164935,015.26,3250.79924,09646.74840,-68.7222222222222,0,18,2653.66666666667,0.000000000000
164945.00,164936,008.09,3250.79911,09646.74696,-65.5980629539952,0,413,2435.63680387409,0.000178666667
164946.00,164937,007.02,3250.79880,09646.74575,-62.1935483870968,0,434,2317.02764976959,0.000097333333
164947.00,164938,006.28,3250.79831,09646.74479,-62.6375,0,240,4949.78333333333,0.000097333333
164949.00,164939,008.43,3250.79628,09646.74339,-65.304054054054,0,148,6509.7972972973,0.000292000000
164949.00,164940,008.43,3250.79628,09646.74339,-64,0,1,0,0.000000000000
164950.00,164941,010.51,3250.79470,09646.74327,-65.3097014925373,0,268,2299.94776119403,0.000097333333
164951.00,164942,012.56,3250.79284,09646.74325,-66.7327188940092,0,434,2323.81566820276,0.000097333333
164952.00,164943,014.96,3250.79068,09646.74325,-71.7258064516129,0,310,3187.36774193548,0.000276000000
164955.00,164944,019.45,3250.78261,09646.74364,-68.1216216216216,0,148,5350.43243243243,0.000520000000
164955.00,164945,019.45,3250.78261,09646.74364,-70,0,1,0,0.000325333333
164955.00,164946,019.45,3250.78261,09646.74364,-72.9397590361446,0,83,3764.28915662651,0.000244000000
164956.00,164947,020.77,3250.77952,09646.74387,-69.1766561514196,0,317,3182.96529968454,0.000097333333
164957.00,164948,020.20,3250.77652,09646.74399,-68.6205882352941,0,340,2958.51176470588,0.000081333333
164958.00,164949,018.63,3250.77372,09646.74401,-68.9806451612903,0,155,6499.94838709677,0.000406666667
165000.00,164950,019.86,3250.76765,09646.74377,-68.3207547169811,0,53,10621.2830188679,0.000829333333
165000.00,164951,019.86,3250.76765,09646.74377,-74,0,1,0,0.000732000000
165001.00,164952,018.54,3250.76490,09646.74356,-69.5427807486631,0,374,2623.47058823529,0.000569333333
165002.00,164953,015.57,3250.76256,09646.74343,-72.1494661921708,0,281,3567.18149466192,0.000829333333
165003.00,164954,012.80,3250.76057,09646.74365,-71.8090909090909,0,220,4541.20909090909,0.000894666667
165005.00,164955,009.21,3250.75722,09646.74453,-72.6258503401361,0,147,5437.42857142857,0.001008000000
165005.00,164956,009.21,3250.75722,09646.74453,-75,0,1,0,0.000732000000
165006.00,164957,005.65,3250.75626,09646.74457,-73.44140625,0,256,2385.421875,0.000650666667
165007.00,164958,001.04,3250.75602,09646.74465,-68.2847058823529,0,425,2373.36470588235,0.001008000000
165008.00,164959,000.58,3250.75612,09646.74468,-69.1547619047619,0,336,2957.81547619048,0.001186666667
165009.00,165000,000.00,3250.75597,09646.74478,-66.0196078431373,0,102,6489.35294117647,0.000910666667
165011.00,165001,000.00,3250.75587,09646.74506,-66.0196078431373,0,0,0,0.000829333333
165011.00,165002,000.00,3250.75587,09646.74506,-58.8533333333333,0,150,2300.64,0.000732000000
165012.00,165003,000.00,3250.75584,09646.74515,-57.5196304849885,0,433,2327.00230946882,0.001202666667
165013.00,165004,000.00,3250.75578,09646.74526,-57.3743016759777,0,358,2317.74860335196,0.000894666667
165015.00,165005,000.00,3250.75559,09646.74544,-57.3743016759777,0,0,0,0.000732000000
165016.00,165006,000.00,3250.75552,09646.74550,-57.3743016759777,0,0,0,0.000829333333
165017.00,165007,000.00,3250.75543,09646.74565,-57.3743016759777,0,0,0,0.000813333333
165017.00,165008,000.00,3250.75543,09646.74565,-57.3743016759777,0,0,0,0.000813333333
165019.00,165009,000.00,3250.75531,09646.74595,-57.3743016759777,0,0,0,0.000813333333
165020.00,165010,000.00,3250.75525,09646.74613,-57.3743016759777,0,0,0,0.000732000000
165021.00,165011,000.00,3250.75521,09646.74626,-57.3743016759777,0,0,0,0.000748000000
165021.00,165012,000.00,3250.75521,09646.74626,-57.3743016759777,0,0,0,0.000813333333
165023.00,165013,000.00,3250.75520,09646.74638,-57.3743016759777,0,0,0,0.000813333333
165024.00,165014,000.00,3250.75514,09646.74647,-57.3743016759777,0,0,0,0.000732000000
165025.00,165015,000.00,3250.75512,09646.74650,-57.3743016759777,0,0,0,0.000829333333
165031.00,165409,000.00,3250.75501,09646.74648,-57.3743016759777,0,0,0,0.000081333333
165031.00,165410,000.00,3250.75501,09646.74648,-57.7272727272727,0,11,14050.7272727273,0.000081333333
165423.00,165411,000.00,3250.75238,09646.74897,-57.1889400921659,0,434,2322.14285714286,0.001008000000
165424.00,165412,000.00,3250.75237,09646.74896,-57.2027649769585,0,434,2321.00921658986,0.001008000000
165425.00,165413,000.74,3250.75247,09646.74889,-57.3280423280423,0,189,4810.56084656085,0.001008000000
165426.00,165414,000.38,3250.75242,09646.74882,-58.1212121212121,0,66,9720.45454545455,0.000926666667
165427.00,165415,000.00,3250.75244,09646.74883,-57.8157894736842,0,38,23059.4210526316,0.000910666667
165428.00,165416,000.00,3250.75243,09646.74880,-57.3368700265252,0,377,2306.02122015915,0.001413333333
165429.00,165417,000.00,3250.75243,09646.74875,-57.2857142857143,0,434,2322.1797235023,0.000992000000
165430.00,165418,000.71,3250.75252,09646.74874,-57.0950704225352,0,284,3212.51408450704,0.000992000000
165430.00,165419,000.71,3250.75252,09646.74874,-57.6410256410256,0,39,23466.4102564103,0.000732000000
165432.00,165420,000.00,3250.75257,09646.74867,-57.8888888888889,0,72,13191.75,0.001089333333
165433.00,165421,000.00,3250.75259,09646.74866,-57.6879432624113,0,141,6188.36879432624,0.000585333333
165434.00,165422,000.00,3250.75260,09646.74865,-57.0252525252525,0,396,2314.88383838384,0.000845333333
165435.00,165423,000.00,3250.75263,09646.74865,-56.9975903614458,0,415,2327.02168674699,0.001186666667
165435.00,165424,000.00,3250.75263,09646.74865,-57.5818181818182,0,55,10749.9272727273,0.000813333333
165437.00,165425,000.00,3250.75272,09646.74864,-57.1830985915493,0,71,8335.07042253521,0.001008000000
165438.00,165426,000.00,3250.75273,09646.74867,-57.0140845070423,0,71,2275.23943661972,0.000732000000
165439.00,165427,000.00,3250.75276,09646.74868,-56.9220183486239,0,436,2310.92201834862,0.000813333333
165440.00,165428,000.00,3250.75279,09646.74869,-56.8176943699732,0,373,2947.4745308311,0.000666666667
165441.00,165429,000.00,3250.75281,09646.74870,-56.958041958042,0,143,5607.91608391608,0.000732000000
165442.00,165430,000.00,3250.75283,09646.74869,-57.0925925925926,0,54,16364.0740740741,0.000813333333
165443.00,165431,000.00,3250.75289,09646.74866,-57.1506849315069,0,73,5526.1095890411,0.001008000000
165444.00,165432,000.00,3250.75294,09646.74865,-56.8646153846154,0,325,2696.67692307692,0.000732000000
165448.00,170725,000.00,3250.75308,09646.74860,-60,0,1,0,0.000000000000
165448.00,170726,000.00,3250.75308,09646.74860,-60,0,0,0,0.000244000000
170748.00,170727,000.00,3250.76216,09646.74659,-58.1315789473684,0,38,8375.68421052631,0.001138666667
170748.00,170728,000.00,3250.76216,09646.74659,-58.2830188679245,0,53,2328.8679245283,0.001155666667
170749.00,170729,000.00,3250.76217,09646.74660,-57.7090395480226,0,354,3104.07344632768,0.000505000000
170750.00,170730,000.00,3250.76218,09646.74661,-57.5974683544304,0,395,2319.58987341772,0.000603333333
170751.00,170731,000.00,3250.76219,09646.74662,-57.7871287128713,0,202,4651.08910891089,0.000976000000
170752.00,170732,000.00,3250.76219,09646.74663,-58.7692307692308,0,39,15462.0512820513,0.000894666667
170753.00,170733,000.00,3250.76219,09646.74664,-57.8421052631579,0,38,8390.15789473684,0.001074333333
170754.00,170734,000.00,3250.76220,09646.74665,-58.1968253968254,0,315,2326.17777777778,0.000684666667
170755.00,170735,000.00,3250.76220,09646.74667,-58.0207852193995,0,433,2323.3025404157,0.000847333333
170756.00,170736,000.00,3250.76220,09646.74668,-57.9124579124579,0,297,3164.13468013468,0.001057333333
170757.00,170737,000.00,3250.76220,09646.74669,-58.9342105263158,0,76,9021.55263157895,0.001057333333
170758.00,170738,000.00,3250.76220,09646.74670,-59.3684210526316,0,38,22881.1578947368,0.001074333333
170759.00,170739,000.00,3250.76220,09646.74671,-59.4935064935065,0,231,3425.87878787879,0.000749000000
170800.00,170740,000.00,3250.76220,09646.74672,-59.2988929889299,0,271,2311.963099631,0.001155666667
170801.00,170741,000.00,3250.76220,09646.74671,-59.5380710659898,0,197,2323.56345177665,0.001172666667
170802.00,170742,000.00,3250.76220,09646.74671,-59.7924528301887,0,53,11154.4150943396,0.001220000000
170803.00,170743,000.00,3250.76220,09646.74670,-59.6274509803922,0,51,17734.7058823529,0.001155666667
170804.00,170744,000.00,3250.76220,09646.74669,-59.8198198198198,0,111,9086.3963963964,0.001352333333
170805.00,170745,000.00,3250.76220,09646.74668,-59.1543778801843,0,434,2322.3133640553,0.000766000000
170806.00,170746,000.00,3250.76221,09646.74667,-58.5080459770115,0,435,2316.11034482759,0.000749000000
170807.00,170747,000.00,3250.76221,09646.74666,-58.4946808510638,0,188,4899.22340425532,0.000993000000
170808.00,170748,000.00,3250.76221,09646.74666,-58.2068965517241,0,58,11059.5862068966,0.001172666667
170809.00,170749,000.00,3250.76221,09646.74665,-60,0,1,0,0.001301333333
170810.00,170750,000.00,3250.76220,09646.74664,-59.1411411411411,0,333,2321.06906906907,0.001091333333
170811.00,170751,000.00,3250.76220,09646.74664,-61.5253456221198,0,434,2322.10138248848,0.001091333333
170812.00,170752,001.51,3250.76228,09646.74638,-61.3223140495868,0,242,3971.99173553719,0.000813333333
170813.00,170753,002.69,3250.76250,09646.74598,-64.8918918918919,0,111,6555.76576576577,0.001010000000
170814.00,170754,001.72,3250.76268,09646.74576,-64.8918918918919,0,0,0,0.000911666667
170815.00,170755,001.18,3250.76277,09646.74560,-60.2661870503597,0,139,2299.58273381295,0.000864333333
170816.00,170756,000.58,3250.76277,09646.74551,-60.2505747126437,0,435,2317.16781609195,0.001010000000
170817.00,170757,000.00,3250.76276,09646.74563,-59.6627078384798,0,421,2317.94299287411,0.000993000000
170818.00,170758,001.17,3250.76287,09646.74548,-64.6792452830189,0,53,16776.679245283,0.001416666667
170819.00,170759,000.95,3250.76298,09646.74537,-60.4204545454545,0,88,10467.75,0.000732000000
170820.00,170800,000.24,3250.76301,09646.74539,-60.2903225806452,0,93,10839.9139784946,0.000813333333
170821.00,170801,000.00,3250.76299,09646.74539,-62.0576036866359,0,434,2321.02304147465,0.000830333333
170822.00,170802,000.00,3250.76299,09646.74539,-61.9862385321101,0,436,2311.95412844037,0.000813333333
170823.00,170803,001.96,3250.76280,09646.74567,-60.7252747252747,0,182,4950.1978021978,0.001352333333
170824.00,170804,000.29,3250.76280,09646.74569,-61.6949152542373,0,59,15206.5084745763,0.001074333333
170825.00,170805,000.00,3250.76275,09646.74565,-61.4078947368421,0,76,8506.76315789474,0.003180000000
170826.00,170806,000.00,3250.76274,09646.74564,-61.4006622516556,0,302,2311.7880794702,0.000813333333
170827.00,170807,000.00,3250.76274,09646.74564,-60.3908045977011,0,435,2315.86666666667,0.000911666667
170828.00,170808,000.00,3250.76274,09646.74564,-60.880658436214,0,243,4701.95884773663,0.000586333333
170830.00,170809,000.00,3250.76285,09646.74551,-63.3424657534247,0,73,9531.42465753425,0.001254000000
170831.00,170810,000.26,3250.76290,09646.74549,-52.1578947368421,0,38,15973.8421052632,0.001220000000
170831.00,170811,000.26,3250.76290,09646.74549,-58.0932642487047,0,193,2308.14507772021,0.000894666667
170832.00,170812,000.00,3250.76288,09646.74552,-60.647465437788,0,434,2321.07373271889,0.000847333333
170833.00,170813,000.00,3250.76288,09646.74553,-60.997572815534,0,412,2320.90776699029,0.001010000000
170834.00,170814,000.00,3250.76288,09646.74554,-69.4098360655738,0,61,10067.7704918033,0.001399666667
170836.00,170815,001.53,3250.76306,09646.74537,-69.135593220339,0,59,10149.0169491525,0.001074333333
170836.00,170816,001.53,3250.76306,09646.74537,-66.1926605504587,0,109,3235.94495412844,0.000732000000
170837.00,170817,004.51,3250.76357,09646.74487,-66.1848101265823,0,395,2321.83291139241,0.000928666667
170838.00,170818,001.75,3250.76372,09646.74465,-61.3632075471698,0,212,4755.39622641509,0.000911666667
170840.00,170819,000.00,3250.76368,09646.74466,-63.103825136612,0,183,4811.15846994536,0.000928666667
170840.00,170820,000.00,3250.76368,09646.74466,-64.1276595744681,0,47,19169.1914893617,0.000732000000
170841.00,170821,002.71,3250.76327,09646.74479,-71.6461538461539,0,130,7765.87692307692,0.000830333333
170842.00,170822,007.48,3250.76212,09646.74503,-69.6761565836299,0,281,3583.67259786477,0.000911666667
170843.00,170823,009.56,3250.76065,09646.74489,-70.9918032786885,0,366,2750.85245901639,0.001010000000
170844.00,170824,011.75,3250.75885,09646.74485,-68.8560311284047,0,257,3457.96887159533,0.000993000000
170845.00,170825,013.20,3250.75683,09646.74462,-68.6969696969697,0,66,13473.0606060606,0.000830333333
170847.00,170826,015.75,3250.75214,09646.74410,-69.8611111111111,0,36,8793.5,0.000993000000
170847.00,170827,015.75,3250.75214,09646.74410,-64.6347826086957,0,230,2377.26956521739,0.000650666667
170848.00,170828,015.01,3250.74981,09646.74396,-65.7368421052632,0,380,2880.52631578947,0.000928666667
170849.00,170829,012.25,3250.74792,09646.74402,-71.1548821548822,0,297,3649.98653198653,0.000522000000
170851.00,170830,001.65,3250.74667,09646.74428,-71.1475409836066,0,61,10003.8032786885,0.000569333333
170852.00,170831,001.01,3250.74646,09646.74434,-58,0,40,31147.75,0.000440666667
170853.00,170832,001.01,3250.74577,09646.74462,-54.9220779220779,0,77,2300.5974025974,0.000000000000
170853.00,170833,004.46,3250.74577,09646.74462,-61.5728155339806,0,412,2450.18446601942,0.000000000000
170854.00,170834,009.76,3250.74444,09646.74557,-69.9074074074074,0,432,2329.92592592593,0.000522000000
170856.00,170835,011.20,3250.74322,09646.74898,-72.9939759036145,0,166,6632.04819277108,0.000376333333
170857.00,170836,013.16,3250.74283,09646.75126,-69.9230769230769,0,39,8180.10256410256,0.000325333333
170858.00,170837,013.16,3250.74266,09646.75382,-77.7837837837838,0,37,15865.8378378378,0.000423666667
170858.00,170838,014.61,3250.74266,09646.75382,-66.9816272965879,0,381,2367.33333333333,0.000000000000
170859.00,170839,015.91,3250.74267,09646.75663,-68.2597701149425,0,435,2319.99540229885,0.000196666667
170901.00,170840,017.36,3250.74261,09646.76311,-68.3198529411765,0,272,3282.11029411765,0.000539000000
170901.00,170841,019.46,3250.74261,09646.76311,-71.5352112676056,0,71,12834.6478873239,0.000342333333
170903.00,170842,025.37,3250.74227,09646.77172,-66.5,0,28,10776.5714285714,0.000488000000
170904.00,170843,025.37,3250.74209,09646.77653,-69.3008849557522,0,226,2750.38938053097,0.000000000000
170905.00,170844,027.21,3250.74189,09646.78139,-71.6371308016878,0,237,4189.35864978903,0.000098333333
170906.00,170845,027.87,3250.74186,09646.78631,-70.7587719298246,0,228,4000.83333333333,0.000440666667
170907.00,170846,027.87,3250.74174,09646.79132,-70.8108108108108,0,74,12154.5405405405,0.000749000000
170908.00,170847,029.18,3250.74151,09646.79650,-69.3166666666667,0,60,19009.6333333333,0.000359333333
170909.00,170848,029.18,3250.74146,09646.80200,-71.5454545454545,0,77,10965.1168831169,0.000162666667
170910.00,170849,031.21,3250.74141,09646.80749,-71.4561403508772,0,285,3467.46666666667,0.000196666667
170911.00,170850,031.21,3250.74142,09646.81317,-72.8380952380952,0,105,9625.86666666667,0.000098333333
170912.00,170851,032.18,3250.74129,09646.81884,-69.3529411764706,0,136,7927.94117647059,0.000196666667
170913.00,170852,032.18,3250.74111,09646.82459,-68.2280701754386,0,57,11217.3333333333,0.000162666667
170914.00,170853,031.44,3250.74113,09646.83014,-69.0537634408602,0,93,10408.9677419355,0.000667666667
170915.00,170854,028.72,3250.74112,09646.83525,-72.5780346820809,0,173,4828.35838150289,0.000505000000
170916.00,170855,025.16,3250.74102,09646.83971,-71.9829545454545,0,176,5584.93181818182,0.000522000000
170917.00,170856,022.46,3250.74078,09646.84366,-70.6903553299492,0,197,5519.75634517767,0.000406666667
170918.00,170857,018.03,3250.74084,09646.84687,-66.3684210526316,0,76,9199.13157894737,0.000667666667
170919.00,170858,015.49,3250.74109,09646.84965,-66.1891891891892,0,37,9833.4054054054,0.000878000000
170920.00,170859,011.97,3250.74178,09646.85168,-65.8793969849246,0,199,2450.97487437186,0.001834333333
170921.00,170900,011.06,3250.74290,09646.85305,-65.886524822695,0,282,2317.6170212766,0.000830333333
170922.00,170901,011.64,3250.74449,09646.85355,-64.3354838709677,0,155,3857.49677419355,0.000667666667
170923.00,170902,011.25,3250.74602,09646.85351,-69.6470588235294,0,68,13214.7647058824,0.000379666667
170924.00,170903,011.42,3250.74760,09646.85331,-69,0,74,5465.97297297297,0.001142666667
170925.00,170904,013.19,3250.74942,09646.85305,-63.3417721518987,0,79,10126.9620253165,0.000908666667
170926.00,170905,013.77,3250.75133,09646.85280,-66.8738738738739,0,222,4950.13513513513,0.000081333333
170927.00,170906,014.81,3250.75344,09646.85258,-66.6848137535817,0,349,2624.14326647564,0.001078000000
170928.00,170907,015.81,3250.75573,09646.85248,-67.0723684210526,0,152,5499.77631578947,0.000844000000
170929.00,170908,016.38,3250.75815,09646.85255,-65.8717948717949,0,39,29956,0.000406666667
170930.00,170909,017.90,3250.76073,09646.85256,-68.2972972972973,0,111,6670.64864864865,0.000905000000
170931.00,170910,017.01,3250.76321,09646.85258,-68.96875,0,128,7107.75,0.000379666667
170932.00,170911,018.12,3250.76586,09646.85261,-67.1725352112676,0,284,3223.03521126761,0.000179666667
170933.00,170912,019.23,3250.76868,09646.85253,-66.4173913043478,0,230,4719.8347826087,0.000261000000
170935.00,170913,019.47,3250.77429,09646.85211,-72.6486486486486,0,74,10197.027027027,0.000423666667
170935.00,170914,019.47,3250.77429,09646.85211,-70,0,1,0,0.000732000000
170936.00,170915,019.56,3250.77714,09646.85194,-69.7640449438202,0,178,2951.78651685393,0.000522000000
170937.00,170916,019.74,3250.78004,09646.85185,-64.8985849056604,0,424,2375.88679245283,0.000569333333
170938.00,170917,018.69,3250.78280,09646.85182,-67.2106666666667,0,375,2474.80533333333,0.001091333333
170939.00,170918,017.39,3250.78537,09646.85163,-67.5428571428571,0,70,12782.1714285714,0.000928666667
170940.00,170919,016.37,3250.78776,09646.85148,-64.8378378378378,0,37,15870.7567567568,0.000993000000
170941.00,170920,015.60,3250.79009,09646.85134,-61.7228915662651,0,83,2297.63855421687,0.000732000000
170942.00,170921,013.84,3250.79215,09646.85124,-70.3056994818653,0,386,2606.32124352332,0.000830333333
170943.00,170922,011.18,3250.79384,09646.85109,-65.7505773672055,0,433,2330.12933025404,0.001010000000
170944.00,170923,007.54,3250.79498,09646.85100,-66.2484076433121,0,157,6842.87898089172,0.000911666667
170945.00,170924,003.97,3250.79556,09646.85078,-56.8507462686567,0,67,9908.02985074627,0.000830333333
170946.00,170925,002.57,3250.79596,09646.85057,-53.7954545454545,0,44,19367,0.001091333333
170947.00,170926,001.80,3250.79621,09646.85045,-54.0520833333333,0,384,2301.859375,0.000732000000
170948.00,170927,003.67,3250.79667,09646.85002,-59.6340852130326,0,399,2748.72180451128,0.000911666667
170949.00,170928,006.80,3250.79740,09646.84918,-61.712962962963,0,216,4563.59259259259,0.000732000000
170950.00,170929,009.19,3250.79807,09646.84774,-64.25,0,76,12200.3157894737,0.000911666667
170951.00,170930,011.03,3250.79834,09646.84582,-65.4666666666667,0,75,8936.48,0.000813333333
170952.00,170931,014.10,3250.79847,09646.84342,-67.1850393700787,0,254,3344.47244094488,0.000603333333
170953.00,170932,015.94,3250.79867,09646.84070,-70.5725,0,400,2527.74,0.000749000000
170954.00,170933,017.41,3250.79880,09646.83773,-66.8701657458564,0,362,2434.42541436464,0.000423666667
170955.00,170934,017.96,3250.79883,09646.83471,-62.0175438596491,0,57,15658.8771929825,0.000179666667
170956.00,170935,019.14,3250.79879,09646.83145,-58.8684210526316,0,38,30113.5263157895,0.000261000000
170957.00,170936,020.51,3250.79883,09646.82790,-61.718954248366,0,153,5683.76470588235,0.000261000000
170959.00,170937,023.35,3250.79903,09646.81990,-64.8734491315137,0,403,3853.25062034739,0.000196666667
170959.00,170938,023.42,3250.79903,09646.81990,-65.4270833333333,0,192,2416.14583333333,0.000295000000
171001.00,170939,025.50,3250.79929,09646.81116,-68.3306451612903,0,124,8454.25806451613,0.000295000000
171002.00,170940,025.19,3250.79932,09646.80679,-68.1081081081081,0,37,23411.6756756757,0.000098333333
171002.00,170941,025.19,3250.79932,09646.80679,-62.4210526315789,0,38,8362.31578947369,0.000000000000
171003.00,170942,025.17,3250.79945,09646.80241,-62.8362282878412,0,403,2368.22828784119,0.000196666667
171004.00,170943,025.03,3250.79945,09646.79804,-62.1016166281755,0,433,2326.39722863741,0.000098333333
171005.00,170944,023.81,3250.79938,09646.79388,-67.5666666666667,0,180,6600.4,0.000098333333
171006.00,170945,024.48,3250.79938,09646.78962,-65.3839285714286,0,112,8663.35714285714,0.000098333333
171008.00,170946,024.19,3250.79924,09646.78121,-64.3636363636364,0,110,8691.14545454545,0.000179666667
171008.00,170947,024.19,3250.79924,09646.78121,-65.8219178082192,0,73,3225.17808219178,0.000000000000
171009.00,170948,023.92,3250.79922,09646.77703,-69.9751773049645,0,282,3559.05673758865,0.000098333333
171010.00,170949,024.80,3250.79924,09646.77269,-70.5941422594142,0,239,4216,0.000000000000
171011.00,170950,023.97,3250.79922,09646.76846,-72.0285714285714,0,70,15385.4285714286,0.000098333333
171013.00,170951,022.53,3250.79917,09646.76039,-69.962962962963,0,54,31234.5185185185,0.000295000000
171013.00,170952,022.53,3250.79917,09646.76039,-67.8,0,105,2464.68571428571,0.000000000000
171014.00,170953,021.73,3250.79908,09646.75658,-69.1196581196581,0,351,2868.35897435897,0.000098333333
171015.00,170954,019.23,3250.79896,09646.75322,-70.0705128205128,0,156,7077.15384615385,0.001960000000
171017.00,170955,016.79,3250.79868,09646.74800,-72.6230769230769,0,130,7847.06153846154,0.000196666667
171018.00,170956,007.42,3250.79856,09646.74667,-66.2162162162162,0,37,30692.2162162162,0.000196666667
171018.00,170957,007.42,3250.79856,09646.74667,-58.0428571428571,0,70,8468.91428571429,0.000000000000
171019.00,170958,005.97,3250.79835,09646.74561,-59.4484536082474,0,388,2309.71134020619,0.000196666667
171020.00,170959,005.78,3250.79800,09646.74466,-62.7310344827586,0,435,2313.34252873563,0.000196666667
171022.00,171000,009.58,3250.79582,09646.74321,-65.3157894736842,0,266,3209.44360902256,0.001261333333
171023.00,171001,009.58,3250.79418,09646.74316,-60.304347826087,0,46,13265.3043478261,0.000081333333
171023.00,171002,011.27,3250.79418,09646.74316,-64.2857142857143,0,42,20666.8571428571,0.000000000000
171024.00,171003,013.58,3250.79221,09646.74323,-67.9675324675325,0,154,6357.46753246753,0.000196666667
171025.00,171004,015.14,3250.79004,09646.74334,-70.9671717171717,0,396,2317.43434343434,0.000196666667
171027.00,171005,016.49,3250.78526,09646.74338,-68.3235294117647,0,374,2528.64705882353,0.000278000000
171027.00,171006,016.79,3250.78526,09646.74338,-68.3809523809524,0,42,15081.8095238095,0.000244000000
171029.00,171007,019.60,3250.77975,09646.74337,-73.234375,0,64,13699.5,0.000586333333
171029.00,171008,019.60,3250.77975,09646.74337,-70.3333333333333,0,78,3070.23076923077,0.000488000000
171030.00,171009,019.25,3250.77685,09646.74354,-69.277397260274,0,292,3450.36301369863,0.000359333333
171031.00,171010,018.48,3250.77407,09646.74349,-69.9748201438849,0,278,3659.3309352518,0.000278000000
171033.00,171011,019.17,3250.76846,09646.74347,-71.6796875,0,128,7629.53125,0.000667666667
171033.00,171012,019.17,3250.76846,09646.74347,-73.5238095238095,0,42,21114.9047619048,0.000569333333
171034.00,171013,020.47,3250.76529,09646.74371,-71,0,124,8132.56451612903,0.000830333333
171036.00,171014,019.20,3250.75947,09646.74378,-66.1960784313726,0,153,4849.22875816993,0.001091333333
171037.00,171015,019.20,3250.75652,09646.74404,-66.3980582524272,0,103,5333.1067961165,0.001830666667
171038.00,171016,019.58,3250.75381,09646.74407,-68.4590163934426,0,244,3319.69672131148,0.000830333333
171039.00,171017,018.02,3250.75110,09646.74398,-71,0,63,14155.0158730159,0.000813333333
171040.00,171018,016.23,3250.74858,09646.74396,-68.0547945205479,0,73,12548.2465753425,0.001010000000
171040.00,171019,016.23,3250.74858,09646.74396,-64.015444015444,0,259,3062.04633204633,0.000406666667
171041.00,171020,011.94,3250.74681,09646.74361,-61.6658986175115,0,434,2323.65437788018,0.000423666667
171043.00,171021,005.05,3250.74469,09646.74396,-56.5412621359223,0,412,2903.31553398058,0.000295000000
171044.00,171022,005.05,3250.74393,09646.74426,-54.9253731343284,0,67,8932.77611940298,0.000371666667
171045.00,171023,007.08,3250.74293,09646.74487,-57.0540540540541,0,37,2303.18918918919,0.000637333333
171046.00,171024,007.08,3250.74204,09646.74623,-67.453125,0,128,6261.203125,0.000325333333
171047.00,171025,009.44,3250.74155,09646.74822,-72.2860576923077,0,416,2417.9375,0.000196666667
171048.00,171026,012.06,3250.74128,09646.75071,-66.3494252873563,0,435,2312.96091954023,0.000278000000
171049.00,171027,016.26,3250.74099,09646.75350,-66.2234636871508,0,179,4958.43575418994,0.000359333333
171050.00,171028,017.30,3250.74095,09646.75648,-63.4210526315789,0,38,15551,0.000325333333
171051.00,171029,019.21,3250.74083,09646.75983,-68.3333333333333,0,39,17706.8717948718,0.000098333333
171052.00,171030,021.77,3250.74091,09646.76363,-68.9825783972125,0,287,2653.21951219512,0.000000000000
171053.00,171031,021.77,3250.74098,09646.76779,-68.4030769230769,0,325,3095.16307692308,0.000162666667
171054.00,171032,024.22,3250.74091,09646.77204,-68.7028112449799,0,249,4529.3172690763,0.000278000000
171055.00,171033,024.81,3250.74088,09646.77642,-68.5875,0,80,11678.35,0.000505000000
171056.00,171034,026.53,3250.74069,09646.78108,-68.5875,0,0,0,0.001545333333
171057.00,171035,026.77,3250.74057,09646.78580,-71.1168831168831,0,154,3930.53246753247,0.000749000000
171058.00,171036,027.91,3250.74043,09646.79071,-73.0497925311203,0,241,4161.51037344398,0.000098333333
171059.00,171037,028.36,3250.74044,09646.79571,-71.8846153846154,0,234,5023.86324786325,0.000098333333
171100.00,171038,028.60,3250.74028,09646.80078,-72.625,0,72,12538.8611111111,0.000000000000
171101.00,171039,030.05,3250.74029,09646.80611,-71.1836734693878,0,98,11994.2653061224,0.000261000000
171102.00,171040,030.54,3250.74034,09646.81151,-71.0714285714286,0,84,9179.35714285714,0.000098333333
171103.00,171041,030.88,3250.74017,09646.81697,-73.305,0,200,5023.58,0.000000000000
171104.00,171042,031.11,3250.74016,09646.82248,-69.5238095238095,0,147,6825.31972789116,0.000261000000
171105.00,171043,030.28,3250.74009,09646.82782,-68.9430379746835,0,158,7065.93670886076,0.000423666667
171106.00,171044,030.45,3250.74017,09646.83323,-68.1666666666667,0,36,8693.66666666667,0.001301333333
171107.00,171045,028.65,3250.74006,09646.83827,-69.4622641509434,0,106,7054.03773584906,0.000847333333
171108.00,171046,025.12,3250.73995,09646.84272,-70.4242424242424,0,198,5098.45454545455,0.000098333333
171109.00,171047,019.58,3250.73994,09646.84623,-65.6142857142857,0,350,2871.93714285714,0.000434000000
171110.00,171048,012.82,3250.74007,09646.84848,-60.0253623188406,0,276,3168.02173913043,0.000379666667
171111.00,171049,007.30,3250.74026,09646.84982,-58.0133333333333,0,75,9368.10666666667,0.000786333333
171112.00,171050,004.82,3250.74054,09646.85068,-58.0133333333333,0,0,0,0.000505000000
171113.00,171051,005.06,3250.74088,09646.85151,-62.6244131455399,0,213,2323.85915492958,0.000478000000
171114.00,171052,006.36,3250.74155,09646.85236,-64.704128440367,0,436,2309.28440366972,0.000423666667
171115.00,171053,008.26,3250.74254,09646.85313,-67.7025,0,400,2316.96,0.000522000000
171116.00,171054,010.06,3250.74390,09646.85359,-65.1639344262295,0,61,10043.4098360656,0.000617000000
171118.00,171055,011.56,3250.74716,09646.85376,-70.9736842105263,0,38,8440.26315789474,0.000732000000
171118.00,171056,011.44,3250.74716,09646.85376,-63.3611111111111,0,72,2290.36111111111,0.000725333333
171119.00,171057,010.86,3250.74871,09646.85362,-59.6430205949657,0,437,2307.78032036613,0.000298333333
171120.00,171058,009.26,3250.74999,09646.85332,-59.9041095890411,0,438,2300.19178082192,0.000525333333
171121.00,171059,008.73,3250.75122,09646.85313,-60.8132530120482,0,166,5198.81927710843,0.001023666667
171122.00,171100,007.07,3250.75221,09646.85290,-70.2307692307692,0,39,15682.8205128205,0.001074666667
171123.00,171101,006.15,3250.75307,09646.85282,-66.0277777777778,0,36,8887.27777777778,0.001353000000
171124.00,171102,004.29,3250.75372,09646.85264,-64.8805970149254,0,335,2317.00298507463,0.000908666667
171125.00,171103,002.36,3250.75407,09646.85265,-62.4977064220183,0,436,2310.21100917431,0.001135666667
171126.00,171104,001.53,3250.75429,09646.85261,-61.5813953488372,0,129,6671.24031007752,0.001050666667
171127.00,171105,001.20,3250.75444,09646.85247,-56,0,43,20684.7906976744,0.000817000000
171128.00,171106,003.82,3250.75498,09646.85240,-64.3301886792453,0,106,9341.90566037736,0.001023666667
171129.00,171107,008.76,3250.75627,09646.85237,-68.7321428571429,0,224,4500.26785714286,0.001044000000
171130.00,171108,009.63,3250.75769,09646.85230,-68.5714285714286,0,406,2484.08374384236,0.000342333333
171131.00,171109,012.23,3250.75952,09646.85228,-66.8837209302326,0,387,2453.13695090439,0.000942333333
171132.00,171110,015.02,3250.76175,09646.85225,-68.5344827586207,0,58,15408.4137931034,0.000498333333
171133.00,171111,016.01,3250.76409,09646.85229,-66.9710144927536,0,69,13657.6231884058,0.000278000000
171134.00,171112,017.20,3250.76662,09646.85220,-66.59375,0,128,7884.921875,0.000359333333
171135.00,171113,017.73,3250.76926,09646.85199,-70.3502994011976,0,334,3012.7245508982,0.001753000000
171136.00,171114,019.58,3250.77215,09646.85191,-67.8710801393728,0,287,3784.28571428571,0.000098333333
171137.00,171115,020.75,3250.77523,09646.85173,-68.5510204081633,0,147,5493.89115646259,0.000586333333
171139.00,171116,020.39,3250.78151,09646.85171,-70.6842105263158,0,38,23456.4210526316,0.000830333333
171139.00,171117,020.39,3250.78151,09646.85171,-70.6842105263158,0,0,0,0.000813333333
171140.00,171118,019.49,3250.78441,09646.85157,-69.6006389776358,0,313,2602.50479233227,0.000650666667
171141.00,171119,017.10,3250.78695,09646.85131,-69.3817204301075,0,372,2712.48387096774,0.000928666667
171142.00,171120,013.94,3250.78901,09646.85115,-69.6293436293436,0,259,3482.37837837838,0.001091333333
171143.00,171121,008.62,3250.79030,09646.85100,-67.25,0,76,12307.0263157895,0.000732000000
171145.00,171122,008.34,3250.79277,09646.85086,-63.6944444444444,0,72,13139.5833333333,0.001010000000
171145.00,171123,007.88,3250.79277,09646.85086,-56.6285714285714,0,175,4477.47428571429,0.000732000000
171146.00,171124,006.78,3250.79384,09646.85083,-56.4655963302752,0,436,2310.89908256881,0.000993000000
171147.00,171125,000.59,3250.79392,09646.85069,-54.1200980392157,0,408,2321.37745098039,0.001091333333
171148.00,171126,000.00,3250.79386,09646.85065,-54.7666666666667,0,60,14889.4,0.000830333333
171149.00,171127,000.00,3250.79386,09646.85059,-54.2,0,70,13510.1428571429,0.000830333333
171150.00,171128,000.00,3250.79387,09646.85053,-56.989898989899,0,99,10179.7373737374,0.000911666667
171151.00,171129,000.00,3250.79388,09646.85055,-58.0689655172414,0,435,2315.84367816092,0.000847333333
171152.00,171130,002.85,3250.79439,09646.85060,-65.4792626728111,0,434,2317.41474654378,0.001010000000
171154.00,171131,006.42,3250.79663,09646.84993,-62.8343195266272,0,169,5169.84615384615,0.000830333333
171154.00,171132,008.60,3250.79663,09646.84993,-65.6052631578947,0,38,16105.3157894737,0.000830333333
171155.00,171133,010.15,3250.79768,09646.84861,-64.6184210526316,0,76,12022.3421052632,0.000732000000
171156.00,171134,011.00,3250.79833,09646.84684,-61.1734417344173,0,369,2305.50135501355,0.000749000000
171157.00,171135,013.16,3250.79840,09646.84458,-66.6860465116279,0,430,2343.44186046512,0.000847333333
171158.00,171136,015.59,3250.79843,09646.84196,-67.2316176470588,0,272,3207.79411764706,0.000766000000
171159.00,171137,017.08,3250.79850,09646.83912,-69.5675675675676,0,74,9434.2972972973,0.000586333333
171200.00,171138,018.49,3250.79853,09646.83601,-65.0921052631579,0,76,12198.5526315789,0.000342333333
171201.00,171139,020.29,3250.79852,09646.83258,-66.99,0,200,3935.43,0.000196666667
171202.00,171140,021.94,3250.79863,09646.82880,-67.5258358662614,0,329,3062.06079027356,0.000196666667
171203.00,171141,023.18,3250.79873,09646.82482,-70.9787234042553,0,282,4138.93617021277,0.000098333333
171204.00,171142,024.64,3250.79887,09646.82057,-72.3333333333333,0,51,17304.4705882353,0.000098333333
171205.00,171143,025.26,3250.79893,09646.81622,-70.3148148148148,0,108,11001.6111111111,0.000196666667
171206.00,171144,026.45,3250.79896,09646.81165,-69.9615384615385,0,78,10094.8461538462,0.000196666667
171208.00,171145,027.52,3250.79908,09646.80222,-72.2371794871795,0,156,10072.2307692308,0.000098333333
171208.00,171146,027.52,3250.79908,09646.80222,-71.1610169491525,0,118,3753.91525423729,0.000000000000
171210.00,171147,028.01,3250.79921,09646.79245,-73.8053691275168,0,149,9335.70469798658,0.000098333333
171210.00,171148,028.01,3250.79921,09646.79245,-70.5348837209302,0,43,14428.7906976744,0.000000000000
171212.00,171149,028.05,3250.79913,09646.78260,-69.9461538461538,0,130,7695.52307692308,0.000196666667
171212.00,171150,028.29,3250.79913,09646.78260,-70.8140703517588,0,199,5071.38693467337,0.000098333333
171213.00,171151,028.39,3250.79911,09646.77762,-69.763358778626,0,262,3842.77099236641,0.000196666667
171214.00,171152,028.22,3250.79904,09646.77267,-70.8070175438596,0,171,6548.31578947368,0.000295000000
171216.00,171153,025.41,3250.79901,09646.76349,-72.3582089552239,0,67,13739.4626865672,0.000295000000
171217.00,171154,024.39,3250.79900,09646.75918,-70.2957746478873,0,71,8954.78873239437,0.000081333333
171217.00,171155,024.39,3250.79900,09646.75918,-68.9375,0,128,3261.546875,0.000000000000
171218.00,171156,023.30,3250.79903,09646.75507,-68.4664804469274,0,358,2812.81005586592,0.000000000000
171220.00,171157,021.26,3250.79904,09646.74834,-70.1542288557214,0,201,5809.54228855721,0.000196666667
171220.00,171158,016.69,3250.79904,09646.74834,-67.5094339622642,0,53,16632.9056603774,0.000098333333
171222.00,171159,005.38,3250.79874,09646.74578,-58.4901960784314,0,102,11741.2745098039,0.000179666667
171222.00,171200,005.38,3250.79874,09646.74578,-57.2136752136752,0,117,4295.24786324786,0.000000000000
171224.00,171201,008.18,3250.79790,09646.74359,-60.5601851851852,0,432,2331.99537037037,0.000196666667
171224.00,171202,008.18,3250.79790,09646.74359,-66.325,0,200,5033.46,0.000000000000
171226.00,171203,010.34,3250.79525,09646.74236,-63.4878048780488,0,164,6677.14634146341,0.000196666667
171228.00,171205,013.73,3250.79146,09646.74255,-65.1578947368421,0,38,39740.6842105263,0.000000000000
171229.00,171206,013.73,3250.78919,09646.74266,-71.4364161849711,0,346,2524.30057803468,0.000098333333
171230.00,171207,015.69,3250.78672,09646.74280,-71.3296089385475,0,358,2811.91620111732,0.000000000000
171231.00,171208,017.59,3250.78416,09646.74273,-70.04,0,250,4385.312,0.000359333333
171232.00,171209,017.59,3250.78162,09646.74297,-70.7564102564103,0,78,11940.641025641,0.000505000000
171233.00,171210,017.28,3250.77864,09646.74299,-70,0,61,7210.81967213115,0.000406666667
171234.00,171211,020.02,3250.77557,09646.74298,-69.6927710843374,0,166,6002.72289156627,0.000440666667
171235.00,171212,019.63,3250.77265,09646.74282,-69.0170212765957,0,235,2799.57446808511,0.000667666667
171236.00,171213,021.15,3250.76944,09646.74275,-71.4758064516129,0,124,4783.51612903226,0.000423666667
171237.00,171214,022.14,3250.76611,09646.74283,-69.0476190476191,0,63,9484.95238095238,0.000830333333
171238.00,171215,022.14,3250.76299,09646.74260,-65.2162162162162,0,74,5960.81081081081,0.000830333333
171239.00,171216,020.86,3250.75974,09646.74267,-69.9745762711864,0,118,4529.1186440678,0.001010000000
171240.00,171217,021.45,3250.75652,09646.74304,-71.4755244755245,0,286,3506.33566433566,0.001027000000
171241.00,171218,020.93,3250.75335,09646.74307,-70.5757575757576,0,330,3052.39393939394,0.001010000000
171242.00,171219,019.58,3250.75037,09646.74323,-70.7697368421053,0,152,5489.6052631579,0.000813333333
171243.00,171220,017.52,3250.74771,09646.74328,-67.04,0,50,12547.48,0.000667666667
171244.00,171221,013.14,3250.74573,09646.74338,-71,0,49,21786.0408163265,0.000586333333
171245.00,171222,006.48,3250.74474,09646.74356,-69.4151436031332,0,383,2469.16449086162,0.000440666667
171246.00,171223,004.54,3250.74410,09646.74391,-61.2514792899408,0,338,3253.96449704142,0.000000000000
171247.00,171224,007.01,3250.74310,09646.74453,-63.0814479638009,0,221,4464.39819004525,0.000278000000
171248.00,171225,009.21,3250.74219,09646.74581,-71.0588235294118,0,85,11031.0117647059,0.000488000000
171249.00,171226,014.21,3250.74152,09646.74824,-71.4893617021277,0,94,10242.3617021277,0.000342333333
171250.00,171227,017.47,3250.74098,09646.75119,-68.6009389671361,0,213,3854.44131455399,0.000278000000
171251.00,171228,019.67,3250.74100,09646.75466,-69.3873626373626,0,364,2764.86813186813,0.000440666667
171252.00,171229,021.54,3250.74101,09646.75841,-70.5454545454545,0,341,3314.95601173021,0.000098333333
171253.00,171230,022.89,3250.74097,09646.76239,-67,0,62,14290.3548387097,0.000081333333
171255.00,171231,023.75,3250.74076,09646.77114,-68.4054054054054,0,37,15871.2972972973,0.000667666667
171255.00,171232,025.52,3250.74076,09646.77114,-68.6704545454545,0,88,2412.86363636364,0.000342333333
171256.00,171233,026.48,3250.74087,09646.77581,-69.7115384615385,0,364,2709.73076923077,0.000342333333
171257.00,171234,028.47,3250.74073,09646.78079,-67.978947368421,0,190,2445.08421052632,0.000911666667
171258.00,171235,029.09,3250.74066,09646.78589,-68.2666666666667,0,150,7066.61333333333,0.000586333333
171259.00,171236,029.01,3250.74064,09646.79103,-67.6315789473684,0,38,8388.68421052631,0.000928666667
171300.00,171237,030.09,3250.74066,09646.79638,-68.9189189189189,0,111,8613.96396396396,0.000295000000
171301.00,171238,030.53,3250.74062,09646.80178,-69.9960784313726,0,255,2865.71764705882,0.000179666667
171302.00,171239,030.67,3250.74045,09646.80722,-72.9127272727273,0,275,3703.17090909091,0.000098333333
171303.00,171240,031.70,3250.74045,09646.81286,-72.5850340136054,0,147,5768.99319727891,0.000162666667
171304.00,171241,031.27,3250.74011,09646.81837,-71.9761904761905,0,84,11348.0714285714,0.000261000000
171305.00,171242,031.21,3250.74000,09646.82387,-68.82,0,50,11412.56,0.000667666667
171306.00,171243,030.55,3250.73999,09646.82928,-71.6577181208054,0,149,4148.05369127517,0.001685000000
171307.00,171244,029.59,3250.73994,09646.83454,-69.6005291005291,0,378,2650.73544973545,0.000098333333
171308.00,171245,027.46,3250.73992,09646.83943,-68.7459283387622,0,307,3636.67752442997,0.000196666667
171309.00,171246,023.51,3250.73991,09646.84360,-70.15,0,60,14968.1,0.000586333333
171311.00,171247,016.50,3250.74053,09646.84999,-73.2352941176471,0,34,17072.7058823529,0.000789666667
171311.00,171248,016.50,3250.74053,09646.84999,-70.2333333333333,0,90,2379.31111111111,0.000162666667
171312.00,171249,014.15,3250.74148,09646.85223,-69.2106666666667,0,375,2688.784,0.000359333333
171313.00,171250,014.04,3250.74321,09646.85353,-65.2193995381062,0,433,2325.76443418014,0.000298333333
171314.00,171251,014.06,3250.74525,09646.85392,-68.0769230769231,0,143,7330.95104895105,0.000623666667
171316.00,171252,017.02,3250.74991,09646.85336,-70.2702702702703,0,37,16811.1891891892,0.001285000000
171316.00,171253,017.02,3250.74991,09646.85336,-64,0,17,16038.8235294118,0.000569333333
171317.00,171254,017.66,3250.75244,09646.85311,-63.8830548926014,0,419,2355.23150357995,0.000996666667
171318.00,171255,018.29,3250.75510,09646.85267,-68.6223404255319,0,376,2678.39361702128,0.000884666667
171319.00,171256,020.71,3250.75815,09646.85270,-66.6521739130435,0,230,4566.97391304348,0.000742333333
171321.00,171257,023.43,3250.76480,09646.85275,-62.2702702702703,0,37,8551.67567567567,0.000705000000
171321.00,171258,023.43,3250.76480,09646.85275,-62.2702702702703,0,0,0,0.000162666667
171322.00,171259,023.48,3250.76828,09646.85259,-68.2894736842105,0,114,6260.91228070175,0.000081333333
171323.00,171300,022.66,3250.77163,09646.85251,-69.1352941176471,0,170,5354.63529411765,0.000440666667
171324.00,171301,021.95,3250.77487,09646.85245,-67.3791044776119,0,335,2683.51641791045,0.000522000000
171325.00,171302,021.67,3250.77803,09646.85227,-65.7777777777778,0,63,14457.3015873016,0.000830333333
171327.00,171303,021.35,3250.78431,09646.85206,-63.4827586206897,0,29,10291.3793103448,0.000993000000
171327.00,171304,021.19,3250.78431,09646.85206,-67.8333333333333,0,114,2386.91228070175,0.000732000000
171328.00,171305,021.72,3250.78754,09646.85224,-69.4611528822055,0,399,2525.03258145363,0.000928666667
171330.00,171306,015.67,3250.79269,09646.85183,-67.8774834437086,0,302,2570.49668874172,0.000928666667
171330.00,171307,015.67,3250.79269,09646.85183,-71.2533333333333,0,75,5567.44,0.000813333333
171331.00,171308,011.32,3250.79436,09646.85158,-68.1545454545455,0,110,6565.45454545455,0.000911666667
171332.00,171309,007.14,3250.79545,09646.85140,-69.5897435897436,0,39,8355.12820512821,0.000830333333
171333.00,171310,006.18,3250.79639,09646.85122,-60.5652173913044,0,207,3441.85507246377,0.000830333333
171334.00,171311,006.48,3250.79731,09646.85076,-65.2866972477064,0,436,2311.66513761468,0.000830333333
171336.00,171312,009.94,3250.79890,09646.84815,-64.1117021276596,0,376,2313.81914893617,0.000911666667
171336.00,171313,009.94,3250.79890,09646.84815,-63.96,0,75,5531.84,0.000813333333
171337.00,171314,011.81,3250.79907,09646.84606,-66.3482142857143,0,112,6563.42857142857,0.000650666667
171338.00,171315,014.64,3250.79912,09646.84356,-69.125,0,112,6486.64285714286,0.000650666667
171339.00,171316,016.98,3250.79919,09646.84072,-73.5441176470588,0,68,3205.79411764706,0.000749000000
171340.00,171317,018.33,3250.79926,09646.83756,-72.8794326241135,0,141,7173.85815602837,0.000000000000
171341.00,171318,020.07,3250.79940,09646.83410,-72.2036363636364,0,275,4373.46181818182,0.000179666667
171342.00,171319,021.95,3250.79948,09646.83032,-70.3050847457627,0,59,14905.9661016949,0.000278000000
171343.00,171320,023.95,3250.79953,09646.82617,-69.7413793103448,0,58,10277.0344827586,0.000376333333
171344.00,171321,025.39,3250.79963,09646.82176,-70.9295774647887,0,71,11028.8450704225,0.000278000000
171345.00,171322,026.57,3250.79964,09646.81712,-71.5940170940171,0,234,4338.33333333333,0.000196666667
171346.00,171323,027.73,3250.79965,09646.81231,-73.1548672566372,0,226,4399.00884955752,0.000196666667
171348.00,171324,028.77,3250.79967,09646.80243,-70.2094594594595,0,148,7677.31081081081,0.000295000000
171348.00,171325,028.77,3250.79967,09646.80243,-69.8918918918919,0,37,15854.5945945946,0.000000000000
171350.00,171326,030.03,3250.79965,09646.79198,-72.3521126760563,0,71,18449.4929577465,0.000196666667
171351.00,171327,030.11,3250.79962,09646.78671,-69.578231292517,0,147,8378.38095238095,0.000000000000
171351.00,171328,030.11,3250.79962,09646.78671,-69.4476744186046,0,172,2645.40697674419,0.000000000000
171352.00,171329,030.63,3250.79950,09646.78134,-70.1842105263158,0,190,6036,0.000098333333
171354.00,171330,028.48,3250.79955,09646.77116,-71.3285714285714,0,70,17086.4571428571,0.000196666667
171354.00,171331,028.48,3250.79955,09646.77116,-72.5925925925926,0,27,5116.07407407407,0.000000000000
171355.00,171332,026.44,3250.79961,09646.76649,-70.3898305084746,0,118,8412.4406779661,0.000098333333
171356.00,171333,025.23,3250.79969,09646.76207,-72.0925266903915,0,281,3590.5409252669,0.000196666667
171358.00,171334,024.68,3250.79964,09646.75353,-71.5591397849462,0,279,4291.31899641577,0.000098333333
171359.00,171335,020.70,3250.79949,09646.74990,-67.2391304347826,0,92,10269.0434782609,0.000098333333
171359.00,171336,020.70,3250.79949,09646.74990,-69,0,16,2150.875,0.000000000000
171400.00,171337,013.10,3250.79937,09646.74761,-60.8358208955224,0,134,7520.17910447761,0.000098333333
171401.00,171338,006.32,3250.79925,09646.74648,-57.0688073394495,0,436,2310.39908256881,0.000098333333
171403.00,171339,005.62,3250.79853,09646.74440,-58.8445475638051,0,431,2337.05336426914,0.000098333333
171404.00,171340,008.57,3250.79756,09646.74340,-63.0691489361702,0,188,6073.35106382979,0.000162666667
171405.00,171341,009.91,3250.79617,09646.74290,-65.945945945946,0,37,15818.3783783784,0.000098333333
171406.00,171342,011.94,3250.79444,09646.74288,-64.9466666666667,0,75,12150.5066666667,0.000000000000
171406.00,171343,011.94,3250.79444,09646.74288,-67.8125,0,352,2318.59090909091,0.000000000000
171407.00,171344,014.69,3250.79232,09646.74298,-70.5802469135803,0,405,2486.06419753086,0.000196666667
171409.00,171345,018.61,3250.78708,09646.74326,-71.6869158878505,0,214,5577.32710280374,0.000278000000
171410.00,171346,018.77,3250.78435,09646.74333,-67.5925925925926,0,108,8894.68518518518,0.000261000000
171411.00,171347,018.97,3250.78155,09646.74325,-62.7631578947368,0,38,8350.15789473684,0.000488000000
171412.00,171348,018.97,3250.77864,09646.74319,-64.5555555555556,0,135,2408.59259259259,0.000423666667
171413.00,171349,019.38,3250.77599,09646.74312,-67.0438144329897,0,388,2596.75257731959,0.000179666667
171414.00,171350,017.22,3250.77340,09646.74293,-69.1801801801802,0,333,3018.97897897898,0.000261000000
171415.00,171351,017.15,3250.77081,09646.74289,-69.6428571428571,0,70,8799.62857142857,0.000749000000
171416.00,171352,017.74,3250.76815,09646.74278,-70.2368421052632,0,38,15443.7368421053,0.000749000000
171417.00,171353,017.74,3250.76551,09646.74284,-69.4545454545455,0,44,3000.63636363636,0.000749000000
171418.00,171354,017.36,3250.76309,09646.74283,-70.5060606060606,0,330,3051.29090909091,0.000928666667
171419.00,171355,015.88,3250.76073,09646.74285,-66.4647887323944,0,426,2366.39436619718,0.000911666667
171420.00,171356,014.47,3250.75853,09646.74308,-67.8967391304348,0,184,5060.66304347826,0.001091333333
171421.00,171357,013.89,3250.75641,09646.74302,-70.0263157894737,0,38,16105.7894736842,0.000911666667
171422.00,171358,011.38,3250.75463,09646.74319,-62.7272727272727,0,77,8309.14285714286,0.000749000000
171423.00,171359,008.00,3250.75352,09646.74385,-65.0265486725664,0,113,7196.58407079646,0.000406666667
171424.00,171400,008.28,3250.75276,09646.74501,-60.1214953271028,0,321,2802.85981308411,0.001010000000
171425.00,171401,005.67,3250.75231,09646.74592,-56.0280701754386,0,285,3167.03157894737,0.001010000000
171426.00,171402,001.95,3250.75227,09646.74628,-60.0714285714286,0,70,12824.9428571429,0.000830333333
171427.00,171403,000.29,3250.75227,09646.74632,-53.5480769230769,0,104,9445.15384615385,0.000830333333
171428.00,171404,000.00,3250.75218,09646.74643,-59.3151515151515,0,165,6097.89090909091,0.001010000000
171429.00,171405,000.65,3250.75222,09646.74635,-62.7416666666667,0,240,4573.68333333333,0.000098333333
171430.00,171406,000.53,3250.75209,09646.74635,-63.3271276595745,0,376,2316.81382978723,0.000586333333
171431.00,171407,000.00,3250.75217,09646.74640,-64.8846153846154,0,52,6950.92307692308,0.000650666667
171432.00,171408,000.00,3250.75218,09646.74645,-61.2105263157895,0,38,8392.94736842105,0.000830333333
171433.00,171409,000.00,3250.75221,09646.74652,-60.0933333333333,0,75,2300.16,0.000667666667
171434.00,171410,000.00,3250.75227,09646.74648,-60.3463302752294,0,436,2312.89908256881,0.000196666667
171435.00,171411,000.00,3250.75231,09646.74641,-60.4884792626728,0,217,4632.90322580645,0.000586333333
171436.00,171412,000.00,3250.75234,09646.74637,-60.7142857142857,0,175,5017.46285714286,0.000667666667
171437.00,171413,000.00,3250.75235,09646.74627,-60.3421052631579,0,38,23293.1052631579,0.000911666667
171438.00,171414,000.00,3250.75232,09646.74618,-66.989247311828,0,93,7509.56989247312,0.000890333333
171438.00,171415,000.00,3250.75232,09646.74618,-64.1122448979592,0,196,4233.51020408163,0.000244000000
