19.160000000000,20.100000000000,-64.015748031496,0.024762333333,-76.030000000000,4.400000000000,9.000000000000,0.000000000000,13.580000000000,12.216666666667,-62.727272727273,0.000749000000,-87.532714285714,2.200000000000,79.000000000000,0.000000000000,0.000000000000,0.560000000000,-63.237851662404,0.000194666667,-23.723250000000,4.400000000000,8.000000000000,0.000000000000,22.240000000000,22.070000000000,-65.736972704715,0.000097333333,-74.295500000000,3.500000000000,8.000000000000,0.000000000000
19.160000000000,20.100000000000,-64.015748031496,0.024762333333,-76.030000000000,4.400000000000,9.000000000000,0.000000000000,13.580000000000,12.216666666667,-62.727272727273,0.000749000000,-87.532714285714,2.200000000000,79.000000000000,0.000000000000,0.000000000000,0.790000000000,-61.797979797980,0.000097333333,-26.139333333333,4.800000000000,45.000000000000,0.000000000000,22.240000000000,22.070000000000,-65.736972704715,0.000097333333,-74.295500000000,3.500000000000,8.000000000000,0.000000000000
19.160000000000,20.100000000000,-64.015748031496,0.024762333333,-76.030000000000,4.400000000000,9.000000000000,0.000000000000,13.580000000000,12.216666666667,-62.727272727273,0.000749000000,-87.532714285714,2.200000000000,79.000000000000,0.000000000000,0.000000000000,0.180000000000,-63.000000000000,0.000194666667,-26.151500000000,4.500000000000,7.000000000000,0.000000000000,22.240000000000,22.070000000000,-65.736972704715,0.000097333333,-74.295500000000,3.500000000000,8.000000000000,0.000000000000
19.160000000000,20.100000000000,-64.015748031496,0.024762333333,-76.030000000000,4.400000000000,9.000000000000,0.000000000000,13.580000000000,12.216666666667,-62.727272727273,0.000749000000,-87.532714285714,2.200000000000,79.000000000000,0.000000000000,0.000000000000,0.000000000000,-63.411764705882,0.000097333333,-27.381333333333,4.900000000000,29.000000000000,0.000000000000,22.240000000000,22.070000000000,-65.736972704715,0.000097333333,-74.295500000000,3.500000000000,8.000000000000,0.000000000000
19.160000000000,20.100000000000,-64.015748031496,0.024762333333,-76.030000000000,4.400000000000,9.000000000000,0.000000000000,13.580000000000,12.216666666667,-62.727272727273,0.000749000000,-87.532714285714,2.200000000000,79.000000000000,0.000000000000,0.000000000000,0.400000000000,-61.698564593301,0.000097333333,-26.518000000000,4.800000000000,6.000000000000,0.000000000000,22.240000000000,22.070000000000,-65.736972704715,0.000097333333,-74.295500000000,3.500000000000,8.000000000000,0.000000000000
19.160000000000,20.100000000000,-64.015748031496,0.024762333333,-76.030000000000,4.400000000000,9.000000000000,0.000000000000,13.580000000000,12.216666666667,-62.727272727273,0.000749000000,-87.532714285714,2.200000000000,79.000000000000,0.000000000000,0.000000000000,0.620000000000,-61.158415841584,0.000178666667,-26.558000000000,4.500000000000,6.000000000000,0.000000000000,22.240000000000,22.070000000000,-65.736972704715,0.000097333333,-74.295500000000,3.500000000000,8.000000000000,0.000000000000
19.160000000000,20.100000000000,-64.015748031496,0.024762333333,-76.030000000000,4.400000000000,9.000000000000,0.000000000000,13.580000000000,12.216666666667,-62.727272727273,0.000749000000,-87.532714285714,2.200000000000,79.000000000000,0.000000000000,0.000000000000,0.120000000000,-61.339759036145,0.000194666667,-26.481500000000,4.300000000000,6.000000000000,0.000000000000,22.240000000000,22.070000000000,-65.736972704715,0.000097333333,-74.295500000000,3.500000000000,8.000000000000,0.000000000000
19.330000000000,20.620000000000,-60.016304347826,0.009916666667,-86.815500000000,3.400000000000,10.000000000000,0.000000000000,14.190000000000,14.470000000000,-67.896739130435,0.001091333333,-89.505142857143,0.800000000000,39.000000000000,0.000000000000,0.000000000000,8.670000000000,-69.114754098361,0.000097333333,-40.394000000000,2.000000000000,17.000000000000,0.000000000000,22.580000000000,20.820000000000,-65.658823529412,0.000292000000,-79.444500000000,4.300000000000,13.000000000000,0.000000000000
21.920000000000,21.350000000000,-62.147132169576,0.004769666667,-79.999400000000,3.200000000000,7.000000000000,0.000000000000,20.200000000000,22.140000000000,-69.047619047619,0.000830333333,-82.184666666667,0.500000000000,94.000000000000,0.000000000000,0.000000000000,13.145000000000,-67.750684931507,0.000097333333,-57.371000000000,3.400000000000,10.000000000000,0.000000000000,21.960000000000,22.960000000000,-65.806629834254,0.000000000000,-78.194000000000,4.100000000000,10.000000000000,0.000000000000
22.600000000000,20.390000000000,-62.605351170569,0.007192333333,-75.715000000000,4.500000000000,18.000000000000,0.000000000000,19.660000000000,21.150000000000,-71.475806451613,0.000423666667,-90.559833333333,1.300000000000,35.000000000000,0.000000000000,0.000000000000,14.665000000000,-75.813278008299,0.000097333333,-56.603000000000,0.400000000000,28.000000000000,0.000000000000,17.630000000000,17.490000000000,-62.759575083105,0.000446666667,-79.437000000000,4.700000000000,6.000000000000,0.000000000000
24.280000000000,20.430000000000,-64.525691699605,0.008549696970,-82.442200000000,3.000000000000,25.000000000000,0.000000000000,18.990000000000,19.630000000000,-69.017021276596,0.000667666667,-87.221285714286,1.700000000000,10.000000000000,0.000000000000,7.350000000000,14.430000000000,-76.506993006993,0.000194666667,-57.778500000000,0.400000000000,20.000000000000,0.000000000000,22.830000000000,23.070000000000,-65.440806045340,0.000194666667,-83.060000000000,4.600000000000,7.000000000000,0.000000000000
20.710000000000,19.470000000000,-69.039603960396,0.003089333333,-86.592875000000,1.100000000000,93.000000000000,0.000000000000,17.650000000000,17.590000000000,-70.040000000000,0.000359333333,-88.543500000000,1.100000000000,30.000000000000,0.000000000000,23.400000000000,8.530000000000,-76.675675675676,0.000097333333,-41.695000000000,0.400000000000,13.000000000000,0.000000000000,20.040000000000,17.900000000000,-63.165841584158,0.000194666667,-60.422000000000,4.600000000000,7.000000000000,0.000000000000
18.690000000000,17.990000000000,-69.381578947368,0.001593333333,-85.696100000000,1.200000000000,48.000000000000,0.000000000000,17.650000000000,17.590000000000,-70.040000000000,0.000359333333,-88.543500000000,1.100000000000,30.000000000000,0.000000000000,24.070000000000,6.950000000000,-74.946428571429,0.000097333333,-48.838000000000,0.400000000000,32.000000000000,0.000000000000,20.040000000000,17.900000000000,-63.165841584158,0.000194666667,-60.422000000000,4.600000000000,7.000000000000,0.000000000000
18.690000000000,17.990000000000,-69.381578947368,0.001593333333,-85.696100000000,1.200000000000,48.000000000000,0.000000000000,17.650000000000,17.590000000000,-70.040000000000,0.000359333333,-88.543500000000,1.100000000000,30.000000000000,0.000000000000,22.700000000000,7.040000000000,-77.337837837838,0.000194666667,-39.089000000000,0.400000000000,32.000000000000,0.000000000000,19.310000000000,19.230000000000,-65.635242929659,0.000097333333,-66.565666666667,1.900000000000,28.000000000000,0.000000000000
18.550000000000,17.820000000000,-72.804195804196,0.001577333333,-83.667272727273,1.400000000000,65.000000000000,0.000000000000,18.040000000000,16.760000000000,-71.329608938547,0.000000000000,-79.751666666667,3.600000000000,11.000000000000,0.000000000000,13.880000000000,6.540000000000,-74.856617647059,0.000097333333,-49.735500000000,0.400000000000,22.000000000000,0.000000000000,19.310000000000,19.230000000000,-65.635242929659,0.000097333333,-66.565666666667,1.900000000000,28.000000000000,0.000000000000
18.550000000000,17.820000000000,-72.804195804196,0.001577333333,-83.667272727273,1.400000000000,65.000000000000,0.000000000000,18.280000000000,16.790000000000,-68.352240896359,0.000261000000,-87.828000000000,1.000000000000,86.000000000000,0.000000000000,7.820000000000,0.380000000000,-74.553784860558,0.000194666667,-48.239000000000,0.400000000000,26.000000000000,0.000000000000,19.310000000000,19.230000000000,-65.635242929659,0.000097333333,-66.565666666667,1.900000000000,28.000000000000,0.000000000000
18.550000000000,17.820000000000,-72.804195804196,0.001577333333,-83.667272727273,1.400000000000,65.000000000000,0.000000000000,18.040000000000,16.760000000000,-71.329608938547,0.000000000000,-79.751666666667,3.600000000000,11.000000000000,0.000000000000,7.063333333333,0.000000000000,-75.266355140187,0.000000000000,-52.743333333333,0.000000000000,34.000000000000,0.000000000000,19.310000000000,19.230000000000,-65.635242929659,0.000097333333,-66.565666666667,1.900000000000,28.000000000000,0.000000000000
16.280000000000,17.840000000000,-69.316239316239,0.000000000000,-82.882100000000,2.300000000000,19.000000000000,0.000000000000,21.060000000000,18.610000000000,-71.686915887851,0.000278000000,-87.773500000000,1.300000000000,45.000000000000,0.000000000000,0.000000000000,0.000000000000,-51.910442583732,0.000089333334,-27.501333333333,2.400000000000,22.000000000000,0.000000000000,19.310000000000,19.230000000000,-65.635242929659,0.000097333333,-66.565666666667,1.900000000000,28.000000000000,0.000000000000
16.280000000000,17.840000000000,-69.316239316239,0.000000000000,-82.882100000000,2.300000000000,19.000000000000,0.000000000000,21.060000000000,18.610000000000,-71.686915887851,0.000278000000,-87.773500000000,1.300000000000,45.000000000000,0.000000000000,0.000000000000,0.000000000000,-51.910442583732,0.000089333334,-27.501333333333,2.400000000000,22.000000000000,0.000000000000,19.310000000000,19.230000000000,-65.635242929659,0.000097333333,-66.565666666667,1.900000000000,28.000000000000,0.000000000000
16.280000000000,17.840000000000,-69.316239316239,0.000000000000,-82.882100000000,2.300000000000,19.000000000000,0.000000000000,21.060000000000,18.610000000000,-71.686915887851,0.000278000000,-87.773500000000,1.300000000000,45.000000000000,0.000000000000,0.000000000000,0.000000000000,-54.407594936709,0.000000000000,-48.571000000000,4.200000000000,7.000000000000,0.000000000000,19.310000000000,19.230000000000,-65.635242929659,0.000097333333,-66.565666666667,1.900000000000,28.000000000000,0.000000000000
16.280000000000,17.840000000000,-69.316239316239,0.000000000000,-82.882100000000,2.300000000000,19.000000000000,0.000000000000,21.060000000000,18.610000000000,-71.686915887851,0.000278000000,-87.773500000000,1.300000000000,45.000000000000,0.000000000000,0.000000000000,0.000000000000,-54.407594936709,0.000000000000,-48.571000000000,4.200000000000,7.000000000000,0.000000000000,19.310000000000,19.230000000000,-65.635242929659,0.000097333333,-66.565666666667,1.900000000000,28.000000000000,0.000000000000
18.550000000000,17.820000000000,-72.804195804196,0.001577333333,-83.667272727273,1.400000000000,65.000000000000,0.000000000000,21.060000000000,18.610000000000,-71.686915887851,0.000278000000,-87.773500000000,1.300000000000,45.000000000000,0.000000000000,0.000000000000,0.000000000000,-52.974160206718,0.000097333333,-27.856000000000,4.300000000000,8.000000000000,0.000000000000,19.310000000000,19.230000000000,-65.635242929659,0.000097333333,-66.565666666667,1.900000000000,28.000000000000,0.000000000000
18.550000000000,17.820000000000,-72.804195804196,0.001577333333,-83.667272727273,1.400000000000,65.000000000000,0.000000000000,18.280000000000,16.790000000000,-68.352240896359,0.000261000000,-87.828000000000,1.000000000000,86.000000000000,0.000000000000,0.000000000000,0.000000000000,-50.887559808612,0.000292000000,-29.036000000000,3.400000000000,6.000000000000,0.000000000000,19.310000000000,19.230000000000,-65.635242929659,0.000097333333,-66.565666666667,1.900000000000,28.000000000000,0.000000000000
18.550000000000,17.820000000000,-72.804195804196,0.001577333333,-83.667272727273,1.400000000000,65.000000000000,0.000000000000,18.280000000000,16.790000000000,-68.352240896359,0.000261000000,-87.828000000000,1.000000000000,86.000000000000,0.000000000000,0.000000000000,0.000000000000,-60.949152542373,0.000097333333,-73.956666666667,2.200000000000,18.000000000000,0.000000000000,19.310000000000,19.230000000000,-65.635242929659,0.000097333333,-66.565666666667,1.900000000000,28.000000000000,0.000000000000
18.550000000000,17.820000000000,-72.804195804196,0.001577333333,-83.667272727273,1.400000000000,65.000000000000,0.000000000000,18.280000000000,16.790000000000,-68.352240896359,0.000261000000,-87.828000000000,1.000000000000,86.000000000000,0.000000000000,0.000000000000,1.855000000000,-52.254901960784,0.000097333333,-47.835333333333,3.500000000000,6.000000000000,0.000000000000,19.310000000000,19.230000000000,-65.635242929659,0.000097333333,-66.565666666667,1.900000000000,28.000000000000,0.000000000000
16.280000000000,17.840000000000,-69.316239316239,0.000000000000,-82.882100000000,2.300000000000,19.000000000000,0.000000000000,21.060000000000,18.610000000000,-71.686915887851,0.000278000000,-87.773500000000,1.300000000000,45.000000000000,0.000000000000,0.000000000000,1.625000000000,-54.006825938567,0.000178666667,-54.595000000000,4.600000000000,18.000000000000,0.000000000000,19.310000000000,19.230000000000,-65.635242929659,0.000097333333,-66.565666666667,1.900000000000,28.000000000000,0.000000000000
15.390000000000,16.750000000000,-71.041884816754,0.001089333333,-84.089714285714,2.100000000000,41.000000000000,0.000000000000,21.060000000000,18.610000000000,-71.686915887851,0.000278000000,-87.773500000000,1.300000000000,45.000000000000,0.000000000000,0.000000000000,2.970000000000,-58.498583569405,0.000097333333,-40.787166666667,3.500000000000,12.000000000000,0.000000000000,14.530000000000,15.110000000000,-65.384615384615,0.000194666667,-76.653000000000,4.400000000000,9.000000000000,0.000000000000
15.390000000000,16.750000000000,-71.041884816754,0.001089333333,-84.089714285714,2.100000000000,41.000000000000,0.000000000000,21.060000000000,18.610000000000,-71.686915887851,0.000278000000,-87.773500000000,1.300000000000,45.000000000000,0.000000000000,0.000000000000,2.970000000000,-58.498583569405,0.000097333333,-40.787166666667,3.500000000000,12.000000000000,0.000000000000,14.530000000000,15.110000000000,-65.384615384615,0.000194666667,-76.653000000000,4.400000000000,9.000000000000,0.000000000000
18.550000000000,17.820000000000,-72.804195804196,0.001577333333,-83.667272727273,1.400000000000,65.000000000000,0.000000000000,18.040000000000,16.760000000000,-71.329608938547,0.000000000000,-79.751666666667,3.600000000000,11.000000000000,0.000000000000,0.000000000000,6.660000000000,-53.389221556886,0.000097333333,-42.363250000000,3.100000000000,58.000000000000,0.000000000000,19.310000000000,19.230000000000,-65.635242929659,0.000097333333,-66.565666666667,1.900000000000,28.000000000000,0.000000000000
20.280000000000,17.195000000000,-69.019417475728,0.000255030303,-80.157100000000,1.300000000000,96.000000000000,0.000000000000,21.060000000000,18.770000000000,-67.592592592593,0.000261000000,-88.318571428571,1.700000000000,87.000000000000,0.000000000000,0.000000000000,10.800000000000,-62.875000000000,0.000194666667,-33.521200000000,4.500000000000,8.000000000000,0.000000000000,20.040000000000,17.900000000000,-63.165841584158,0.000194666667,-60.422000000000,4.600000000000,7.000000000000,0.000000000000
21.900000000000,20.890000000000,-68.294736842105,0.002472000000,-80.557636363636,1.200000000000,101.000000000000,0.000000000000,20.110000000000,18.970000000000,-62.763157894737,0.000488000000,-90.098500000000,0.500000000000,80.000000000000,0.000000000000,2.720000000000,9.720000000000,-62.733333333333,0.001960000000,-40.232500000000,2.900000000000,46.000000000000,0.000000000000,20.700000000000,19.295000000000,-64.137349397590,0.000097333333,-62.374000000000,4.800000000000,6.000000000000,0.000000000000
18.110000000000,15.430000000000,-63.781250000000,0.008207333333,-80.634333333333,1.200000000000,101.000000000000,0.000000000000,18.960000000000,20.020000000000,-70.000000000000,0.000406666667,-86.274600000000,1.600000000000,66.000000000000,0.000000000000,2.080000000000,10.680000000000,-77.000000000000,0.000097333333,-57.119800000000,0.400000000000,47.000000000000,0.000000000000,20.700000000000,19.295000000000,-64.137349397590,0.000097333333,-62.374000000000,4.800000000000,6.000000000000,0.000000000000
22.520000000000,22.150000000000,-68.887500000000,0.010370000000,-80.650500000000,2.500000000000,44.000000000000,0.000000000000,17.990000000000,20.410000000000,-69.692771084337,0.000440666667,-87.358000000000,3.500000000000,51.000000000000,0.000000000000,1.850000000000,12.380000000000,-74.358823529412,0.000032000000,-51.749000000000,0.400000000000,57.000000000000,0.000000000000,22.830000000000,23.070000000000,-65.440806045340,0.000194666667,-83.060000000000,4.600000000000,7.000000000000,0.000000000000
23.940000000000,21.680000000000,-64.171532846715,0.006893333333,-73.983909090909,3.300000000000,21.000000000000,0.000000000000,15.920000000000,17.150000000000,-69.642857142857,0.000749000000,-89.690000000000,0.800000000000,85.000000000000,0.000000000000,0.000000000000,12.000000000000,-76.405714285714,0.000000000000,-44.087000000000,0.400000000000,55.000000000000,0.000000000000,17.630000000000,17.490000000000,-62.759575083105,0.000446666667,-79.437000000000,4.700000000000,6.000000000000,0.000000000000
2.040000000000,0.000000000000,-54.770491803279,0.017170666667,-86.005000000000,3.700000000000,27.000000000000,0.000000000000,17.970000000000,20.860000000000,-65.216216216216,0.000830333333,-89.119250000000,1.200000000000,50.000000000000,0.000000000000,8.775000000000,11.080000000000,-78.826086956522,0.000097333333,-59.399800000000,0.400000000000,53.000000000000,0.000000000000,21.960000000000,22.960000000000,-65.806629834254,0.000000000000,-78.194000000000,4.100000000000,10.000000000000,0.000000000000
15.210000000000,14.630000000000,-63.608695652174,0.014713696970,-77.916000000000,4.200000000000,8.000000000000,0.000000000000,18.870000000000,13.140000000000,-71.000000000000,0.000586333333,-85.070666666667,3.900000000000,101.000000000000,0.000000000000,11.600000000000,7.430000000000,-74.212244897959,0.000097333333,-30.897500000000,2.200000000000,27.000000000000,0.000000000000,14.630000000000,14.750000000000,-63.958115183246,0.000097333333,-81.227000000000,4.500000000000,7.000000000000,0.000000000000
12.620000000000,8.740000000000,-60.904615384615,0.011745000000,-72.331000000000,4.300000000000,11.000000000000,0.000000000000,8.900000000000,4.540000000000,-61.251479289941,0.000000000000,-86.933500000000,3.900000000000,16.000000000000,0.000000000000,6.380000000000,2.640000000000,-67.610169491525,0.000097333333,-31.877500000000,2.600000000000,18.000000000000,0.000000000000,16.310000000000,11.210000000000,-66.132850241546,0.000097333333,-77.976000000000,4.800000000000,6.000000000000,0.000000000000
6.930000000000,3.860000000000,-55.619047619048,0.004325333333,-89.288333333333,4.300000000000,35.000000000000,0.000000000000,5.690000000000,12.543333333333,-71.489361702128,0.000342333333,-87.970750000000,1.600000000000,101.000000000000,0.000000000000,6.090000000000,11.420000000000,-60.802110817942,0.000194666667,-32.263500000000,4.300000000000,9.000000000000,0.000000000000,7.650000000000,13.080000000000,-68.568578553616,0.000194666667,-70.898500000000,4.400000000000,7.000000000000,0.000000000000
19.360000000000,20.020000000000,-76.851562500000,0.018466181818,-86.675000000000,4.200000000000,32.000000000000,0.000000000000,21.540000000000,23.500000000000,-68.403076923077,0.000162666667,-87.759000000000,3.300000000000,14.000000000000,0.000000000000,25.080000000000,21.450000000000,-74.341296928328,0.000194666667,-55.829000000000,0.900000000000,19.000000000000,0.000000000000,27.570000000000,23.390000000000,-69.485788113695,0.000194666667,-77.029000000000,4.600000000000,8.000000000000,0.000000000000
24.370000000000,24.430000000000,-61.778894472362,0.004424000000,-85.014000000000,4.600000000000,7.000000000000,0.000000000000,24.690000000000,24.810000000000,-68.587500000000,0.000505000000,-89.318714285714,0.900000000000,101.000000000000,0.000000000000,24.700000000000,22.790000000000,-66.989898989899,0.000113333333,-40.484333333333,1.600000000000,39.000000000000,0.000000000000,29.380000000000,26.170000000000,-66.997067448680,0.000000000000,-78.322571428571,1.500000000000,32.000000000000,0.000000000000
25.150000000000,25.500000000000,-62.340000000000,0.002081333333,-73.096000000000,4.500000000000,7.000000000000,0.000000000000,26.360000000000,26.770000000000,-71.116883116883,0.000749000000,-84.250000000000,2.800000000000,25.000000000000,0.000000000000,24.180000000000,23.965000000000,-66.684729064039,0.000194666667,-35.856666666667,1.700000000000,37.000000000000,0.000000000000,29.310000000000,29.620000000000,-66.250000000000,0.000097333333,-77.486000000000,4.800000000000,19.000000000000,0.000000000000
25.150000000000,25.500000000000,-62.340000000000,0.002081333333,-73.096000000000,4.500000000000,7.000000000000,0.000000000000,26.810000000000,27.910000000000,-73.049792531120,0.000098333333,-87.058750000000,2.700000000000,28.000000000000,0.000000000000,24.890000000000,24.515000000000,-65.186666666667,0.000097333333,-33.904000000000,2.300000000000,31.000000000000,0.000000000000,29.310000000000,29.620000000000,-66.250000000000,0.000097333333,-77.486000000000,4.800000000000,19.000000000000,0.000000000000
23.650000000000,24.175000000000,-76.580474934037,0.004964242424,-85.078000000000,4.300000000000,9.000000000000,0.000000000000,28.030000000000,30.050000000000,-71.183673469388,0.000261000000,-88.243666666667,0.800000000000,101.000000000000,0.000000000000,25.540000000000,26.990000000000,-70.298642533937,0.000194666667,-58.444500000000,1.200000000000,32.000000000000,0.000000000000,30.710000000000,31.590000000000,-65.012987012987,0.000097333333,-79.430500000000,4.900000000000,35.000000000000,0.000000000000
28.110000000000,28.320000000000,-64.057788944724,0.004244000000,-75.882000000000,4.600000000000,7.000000000000,0.000000000000,28.500000000000,30.540000000000,-71.071428571429,0.000098333333,-84.422500000000,2.500000000000,90.000000000000,0.000000000000,26.620000000000,27.460000000000,-72.986486486486,0.000194666667,-36.054000000000,0.800000000000,32.000000000000,0.000000000000,30.950000000000,32.350000000000,-65.755555555556,0.000194666667,-73.544000000000,4.600000000000,7.000000000000,0.000000000000
31.690000000000,31.490000000000,-62.400000000000,0.004586666667,-71.689000000000,4.500000000000,7.000000000000,0.000000000000,31.460000000000,31.270000000000,-71.976190476190,0.000261000000,-89.790000000000,1.000000000000,101.000000000000,0.000000000000,27.210000000000,28.710000000000,-71.182978723404,0.000097333333,-46.142800000000,1.200000000000,29.000000000000,0.000000000000,32.800000000000,31.860000000000,-66.090000000000,0.000097333333,-75.505714285714,4.300000000000,7.000000000000,0.000000000000
25.300000000000,25.955000000000,-76.405994550409,0.003374000000,-87.139000000000,4.100000000000,10.000000000000,0.000000000000,31.630000000000,31.440000000000,-69.053763440860,0.000667666667,-84.694000000000,2.100000000000,101.000000000000,0.000000000000,28.130000000000,28.830000000000,-69.452991452991,0.000113333333,-38.728200000000,0.500000000000,82.000000000000,0.000000000000,10.540000000000,31.460000000000,-77.848167539267,0.000178666667,-69.368000000000,4.400000000000,9.000000000000,0.000000000000
26.140000000000,25.420000000000,-76.712328767123,0.012474666667,-84.808500000000,2.400000000000,17.000000000000,0.000000000000,29.970000000000,27.460000000000,-68.745928338762,0.000196666667,-88.263666666667,2.400000000000,21.000000000000,0.000000000000,28.580000000000,27.480000000000,-69.989690721649,0.000000000000,-53.180200000000,0.700000000000,101.000000000000,0.000000000000,19.930000000000,29.130000000000,-76.736842105263,0.000178666667,-74.339000000000,4.300000000000,26.000000000000,0.000000000000
24.880000000000,22.690000000000,-58.495934959350,0.020980666667,-82.614750000000,1.700000000000,9.000000000000,0.000000000000,24.800000000000,22.350000000000,-65.614285714286,0.000434000000,-90.171500000000,4.200000000000,11.000000000000,0.000000000000,25.710000000000,18.490000000000,-72.156626506024,0.000097333333,-51.470500000000,1.600000000000,26.000000000000,0.000000000000,30.090000000000,22.040000000000,-77.061881188119,0.000194666667,-77.012333333333,3.100000000000,7.000000000000,0.000000000000
22.190000000000,17.110000000000,-52.971962616822,0.013740060606,-71.973285714286,4.100000000000,9.000000000000,0.000000000000,11.980000000000,7.300000000000,-58.013333333333,0.000786333333,-89.517375000000,0.800000000000,93.000000000000,0.000000000000,10.700000000000,12.490000000000,-68.792000000000,0.000097333333,-32.926000000000,2.400000000000,25.000000000000,0.000000000000,23.980000000000,22.440000000000,-66.291457286432,0.000178666667,-74.162000000000,4.600000000000,7.000000000000,0.000000000000
10.500000000000,12.430000000000,-62.152112676056,0.012133000000,-77.310000000000,4.200000000000,11.000000000000,0.000000000000,12.930000000000,11.060000000000,-65.886524822695,0.000830333333,-81.724200000000,1.600000000000,4.000000000000,0.000000000000,10.720000000000,11.010000000000,-61.188010899183,0.000194666667,-31.943000000000,4.200000000000,9.000000000000,0.000000000000,7.130000000000,6.920000000000,-62.386934673367,0.000097333333,-74.702000000000,3.500000000000,6.000000000000,0.000000000000
15.020000000000,13.660000000000,-59.277286135693,0.015238060606,-69.546000000000,4.000000000000,9.000000000000,0.000000000000,4.750000000000,7.070000000000,-70.230769230769,0.001074666667,-90.046142857143,0.800000000000,101.000000000000,0.000000000000,15.570000000000,16.290000000000,-67.209016393443,0.000097333333,-62.781500000000,2.300000000000,27.000000000000,0.000000000000,16.270000000000,17.590000000000,-65.991279069767,0.000000000000,-63.989666666667,4.300000000000,12.000000000000,0.000000000000
15.410000000000,16.680000000000,-60.578666666667,0.014319696970,-70.524000000000,4.200000000000,9.000000000000,0.000000000000,10.570000000000,15.020000000000,-68.534482758621,0.000498333333,-89.189000000000,0.800000000000,101.000000000000,0.000000000000,16.780000000000,17.630000000000,-71.166666666667,0.000097333333,-62.924000000000,1.200000000000,28.000000000000,0.000000000000,18.370000000000,20.170000000000,-65.865979381443,0.000097333333,-81.362000000000,3.700000000000,8.000000000000,0.000000000000
16.470000000000,18.580000000000,-59.733108108108,0.020610666667,-81.368500000000,4.100000000000,9.000000000000,0.000000000000,14.320000000000,17.200000000000,-66.593750000000,0.000359333333,-83.933333333333,3.100000000000,74.000000000000,0.000000000000,15.160000000000,17.630000000000,-70.560885608856,0.000194666667,-29.962000000000,2.100000000000,22.000000000000,0.000000000000,19.330000000000,20.120000000000,-65.651583710407,0.000097333333,-78.850000000000,3.300000000000,33.000000000000,0.000000000000
17.570000000000,19.730000000000,-59.909090909091,0.013272000000,-74.748714285714,2.100000000000,39.000000000000,0.000000000000,19.070000000000,18.860000000000,-66.417391304348,0.000261000000,-85.625800000000,1.400000000000,34.000000000000,0.000000000000,14.735000000000,16.460000000000,-71.337748344371,0.000097333333,-47.047750000000,0.800000000000,59.000000000000,0.000000000000,20.070000000000,21.190000000000,-66.411622276029,0.000178666667,-39.172000000000,4.900000000000,6.000000000000,0.000000000000
18.790000000000,20.050000000000,-60.118110236221,0.021382666667,-74.748571428571,2.200000000000,32.000000000000,0.000000000000,21.500000000000,21.950000000000,-67.379104477612,0.000522000000,-86.986333333333,2.500000000000,9.000000000000,0.000000000000,13.280000000000,14.860000000000,-73.308139534884,0.000097333333,-22.055500000000,0.500000000000,48.000000000000,0.000000000000,20.460000000000,20.950000000000,-66.090163934426,0.000178666667,-76.483000000000,4.300000000000,10.000000000000,0.000000000000
18.790000000000,20.050000000000,-60.118110236221,0.021382666667,-74.748571428571,2.200000000000,32.000000000000,0.000000000000,18.260000000000,19.560000000000,-69.764044943820,0.000522000000,-87.773000000000,3.600000000000,12.000000000000,0.000000000000,13.290000000000,13.320000000000,-73.756756756757,0.000178666667,-39.159000000000,0.800000000000,44.000000000000,0.000000000000,21.030000000000,20.360000000000,-66.535248041776,0.000194666667,-77.278000000000,4.400000000000,9.000000000000,0.000000000000
18.790000000000,20.050000000000,-60.118110236221,0.021382666667,-74.748571428571,2.200000000000,32.000000000000,0.000000000000,21.340000000000,21.670000000000,-65.777777777778,0.000830333333,-87.626000000000,0.800000000000,101.000000000000,0.000000000000,12.420000000000,13.380000000000,-72.868995633188,0.000113333333,-40.564666666667,0.900000000000,30.000000000000,0.000000000000,20.540000000000,22.390000000000,-65.354005167959,0.000292000000,-71.465000000000,3.800000000000,8.000000000000,0.000000000000
21.150000000000,21.720000000000,-66.028776978417,0.012662666667,-87.189000000000,4.200000000000,25.000000000000,0.000000000000,16.560000000000,17.390000000000,-67.542857142857,0.000928666667,-88.482375000000,0.900000000000,101.000000000000,0.000000000000,11.390000000000,10.310000000000,-69.874385776825,0.000097333333,-55.021800000000,0.600000000000,49.000000000000,0.000000000000,18.780000000000,19.515000000000,-66.431372549020,0.000097333333,-34.995000000000,4.600000000000,6.000000000000,0.000000000000
20.960000000000,19.830000000000,-64.098550724638,0.009508444444,-82.610333333333,4.200000000000,9.000000000000,0.000000000000,19.080000000000,21.720000000000,-69.461152882205,0.000928666667,-80.055000000000,4.700000000000,7.000000000000,0.000000000000,7.150000000000,8.710000000000,-70.900277008310,0.000097333333,-50.930000000000,1.900000000000,10.000000000000,0.000000000000,16.240000000000,17.160000000000,-66.830188679245,0.000194666667,-48.011000000000,4.200000000000,10.000000000000,0.000000000000
19.830000000000,16.370000000000,-66.307692307692,0.027516000000,-82.894250000000,0.400000000000,8.000000000000,0.000000000000,16.830000000000,15.600000000000,-61.722891566265,0.000732000000,-89.493000000000,1.200000000000,4.000000000000,0.000000000000,0.810000000000,0.460000000000,-69.750000000000,0.000097333333,-31.205000000000,3.600000000000,8.000000000000,0.000000000000,16.910000000000,15.360000000000,-66.350125944584,0.000097333333,-78.994000000000,4.600000000000,7.000000000000,0.000000000000
16.210000000000,16.140000000000,-60.696236559140,0.006238666667,-88.506000000000,4.300000000000,9.000000000000,0.000000000000,18.550000000000,15.670000000000,-69.565408388521,0.000871000000,-89.045000000000,1.700000000000,26.000000000000,0.000000000000,3.500000000000,3.670000000000,-63.528985507246,0.000097333333,-32.327500000000,2.200000000000,6.000000000000,0.000000000000,16.600000000000,14.390000000000,-66.225589225589,0.000000000000,-76.603000000000,4.500000000000,22.000000000000,0.000000000000
16.210000000000,16.140000000000,-60.696236559140,0.006238666667,-88.506000000000,4.300000000000,9.000000000000,0.000000000000,18.550000000000,15.670000000000,-69.565408388521,0.000871000000,-89.045000000000,1.700000000000,26.000000000000,0.000000000000,6.040000000000,6.400000000000,-73.463687150838,0.000097333333,-35.765000000000,2.400000000000,14.000000000000,0.000000000000,16.860000000000,15.310000000000,-65.989304812834,0.000194666667,-60.662000000000,4.400000000000,9.000000000000,0.000000000000
13.280000000000,13.020000000000,-68.173374613003,0.008932666667,-86.666000000000,3.900000000000,11.000000000000,0.000000000000,5.920000000000,11.030000000000,-65.466666666667,0.000813333333,-77.447400000000,0.900000000000,87.000000000000,0.000000000000,15.490000000000,13.840000000000,-65.047393364929,0.000097333333,-55.472000000000,2.600000000000,35.000000000000,0.000000000000,0.360000000000,14.400000000000,-81.231805929919,0.000097333333,-78.897000000000,4.200000000000,9.000000000000,0.000000000000
21.320000000000,19.680000000000,-62.126984126984,0.019332000000,-80.464142857143,1.100000000000,7.000000000000,0.000000000000,22.000000000000,22.950000000000,-69.741379310345,0.000376333333,-89.270428571429,0.700000000000,101.000000000000,0.000000000000,27.315000000000,26.200000000000,-72.922636103152,0.000194666667,-43.166500000000,0.700000000000,12.000000000000,0.000000000000,18.290000000000,21.600000000000,-72.063725490196,0.000097333333,-76.629200000000,4.700000000000,44.000000000000,0.000000000000
17.230000000000,14.870000000000,-60.514285714286,0.010285696970,-70.520000000000,4.400000000000,15.000000000000,0.000000000000,25.900000000000,25.190000000000,-65.264580369844,0.000049166667,-85.161500000000,1.800000000000,101.000000000000,0.000000000000,29.210000000000,26.990000000000,-73.116465863454,0.000194666667,-49.077250000000,0.800000000000,22.000000000000,0.000000000000,31.280000000000,22.280000000000,-71.804232804233,0.000194666667,-76.493000000000,4.800000000000,6.000000000000,0.000000000000
24.590000000000,24.190000000000,-61.754328821207,0.002568333333,-84.642000000000,4.600000000000,26.000000000000,0.000000000000,27.860000000000,28.010000000000,-72.170126424223,0.000049166667,-85.858750000000,1.000000000000,101.000000000000,0.000000000000,28.040000000000,27.950000000000,-75.573487031700,0.000097333333,-52.158500000000,0.800000000000,12.000000000000,0.000000000000,26.530000000000,22.445000000000,-71.388692579505,0.000097333333,-79.846500000000,4.900000000000,24.000000000000,0.000000000000
28.380000000000,27.105000000000,-70.296774193548,0.005318666667,-73.601000000000,3.800000000000,16.000000000000,0.000000000000,29.450000000000,30.110000000000,-69.512952855561,0.000000000000,-84.597000000000,2.000000000000,44.000000000000,0.000000000000,28.390000000000,28.060000000000,-74.395480225989,0.000097333333,-38.780250000000,0.700000000000,53.000000000000,0.000000000000,23.640000000000,23.260000000000,-70.271320011258,0.000146000000,-70.480000000000,2.500000000000,33.000000000000,0.000000000000
27.290000000000,27.390000000000,-71.417624521073,0.002553333333,-84.022000000000,3.000000000000,24.000000000000,0.000000000000,27.420000000000,28.390000000000,-70.807017543860,0.000295000000,-89.399500000000,2.900000000000,57.000000000000,0.000000000000,24.030000000000,27.620000000000,-72.993197278912,0.000194666667,-39.362666666667,0.800000000000,18.000000000000,0.000000000000,25.380000000000,23.270000000000,-69.912718204489,0.000194666667,-80.423000000000,4.700000000000,7.000000000000,0.000000000000
22.530000000000,23.330000000000,-71.695523648649,0.010296363637,-87.303500000000,0.100000000000,78.000000000000,0.000000000000,21.760000000000,21.730000000000,-69.119658119658,0.000098333333,-82.795500000000,3.900000000000,11.000000000000,0.000000000000,11.620000000000,23.210000000000,-71.015873015873,0.000097333333,-39.943666666667,1.000000000000,26.000000000000,0.000000000000,21.430000000000,19.580000000000,-66.961445783133,0.000097333333,-80.998000000000,4.800000000000,6.000000000000,0.000000000000
10.440000000000,4.400000000000,-56.272727272727,0.001170666667,-72.403000000000,3.500000000000,8.000000000000,0.000000000000,11.660000000000,7.420000000000,-62.129536679537,0.000098333334,-85.388750000000,0.500000000000,101.000000000000,0.000000000000,8.295000000000,4.713333333333,-62.633074935401,0.000097333333,-29.221000000000,4.300000000000,8.000000000000,0.000000000000,5.100000000000,3.420000000000,-62.684466019417,0.000194666667,-80.751000000000,4.700000000000,6.000000000000,0.000000000000
18.550000000000,17.820000000000,-72.804195804196,0.001577333333,-83.667272727273,1.400000000000,65.000000000000,0.000000000000,18.280000000000,16.790000000000,-68.352240896359,0.000261000000,-87.828000000000,1.000000000000,86.000000000000,0.000000000000,7.820000000000,0.380000000000,-74.553784860558,0.000194666667,-48.239000000000,0.400000000000,26.000000000000,0.000000000000,19.310000000000,19.230000000000,-65.635242929659,0.000097333333,-66.565666666667,1.900000000000,28.000000000000,0.000000000000
19.010000000000,16.396666666667,-65.028169014084,0.003658666667,-80.436615384615,1.200000000000,62.000000000000,0.000000000000,17.630000000000,19.600000000000,-71.783854166667,0.000537166666,-85.196000000000,0.000000000000,80.000000000000,0.000000000000,23.040000000000,19.600000000000,-73.655948553055,0.000194666667,-34.477000000000,0.800000000000,16.000000000000,0.000000000000,20.700000000000,19.295000000000,-64.137349397590,0.000097333333,-62.374000000000,4.800000000000,6.000000000000,0.000000000000
15.210000000000,14.630000000000,-63.608695652174,0.014713696970,-77.916000000000,4.200000000000,8.000000000000,0.000000000000,18.870000000000,13.140000000000,-71.000000000000,0.000586333333,-85.070666666667,3.900000000000,101.000000000000,0.000000000000,16.360000000000,17.350000000000,-72.142028985507,0.000097333333,-34.587000000000,1.300000000000,12.000000000000,0.000000000000,14.630000000000,14.750000000000,-63.958115183246,0.000097333333,-81.227000000000,4.500000000000,7.000000000000,0.000000000000
6.860000000000,4.270000000000,-56.147286821705,0.017454848485,-69.204000000000,4.400000000000,7.000000000000,0.000000000000,8.440000000000,7.010000000000,-63.081447963801,0.000278000000,-86.061571428571,1.000000000000,31.000000000000,0.000000000000,9.460000000000,6.790000000000,-63.425770308123,0.000194666667,-52.813000000000,3.700000000000,11.000000000000,0.000000000000,16.310000000000,11.210000000000,-66.132850241546,0.000097333333,-77.976000000000,4.800000000000,6.000000000000,0.000000000000
6.320000000000,5.890000000000,-53.813471502591,0.003170666667,-77.996000000000,4.500000000000,8.000000000000,0.000000000000,6.220000000000,7.080000000000,-57.054054054054,0.000637333333,-81.113857142857,0.400000000000,4.000000000000,0.000000000000,1.610000000000,2.940000000000,-62.509868421053,0.000097333333,-65.162000000000,4.500000000000,17.000000000000,0.000000000000,9.440000000000,9.480000000000,-64.200000000000,0.000097333333,-79.437500000000,1.200000000000,36.000000000000,0.000000000000
22.010000000000,23.080000000000,-77.517857142857,0.012513575758,-80.450000000000,2.300000000000,10.000000000000,0.000000000000,27.530000000000,28.360000000000,-71.884615384615,0.000098333333,-87.263250000000,1.600000000000,38.000000000000,0.000000000000,26.250000000000,25.130000000000,-72.095744680851,0.000194666667,-35.873000000000,2.000000000000,20.000000000000,0.000000000000,30.380000000000,30.710000000000,-65.827027027027,0.000194666667,-66.631000000000,4.300000000000,10.000000000000,0.000000000000
23.650000000000,24.175000000000,-76.580474934037,0.004964242424,-85.078000000000,4.300000000000,9.000000000000,0.000000000000,30.290000000000,30.530000000000,-69.996078431373,0.000179666667,-86.897500000000,3.800000000000,11.000000000000,0.000000000000,26.120000000000,26.440000000000,-69.804154302671,0.000194666667,-33.040333333333,1.400000000000,13.000000000000,0.000000000000,32.060000000000,31.060000000000,-66.219576719577,0.000194666667,-78.112500000000,3.700000000000,9.000000000000,0.000000000000
28.110000000000,28.320000000000,-64.057788944724,0.004244000000,-75.882000000000,4.600000000000,7.000000000000,0.000000000000,30.140000000000,31.700000000000,-72.585034013605,0.000162666667,-87.757142857143,1.400000000000,48.000000000000,0.000000000000,27.620000000000,27.740000000000,-72.454828660436,0.000000000000,-48.599500000000,1.200000000000,15.000000000000,0.000000000000,17.620000000000,31.350000000000,-80.397094430993,0.000097333333,-78.605000000000,4.600000000000,6.000000000000,0.000000000000
24.740000000000,26.455000000000,-76.802777777778,0.002247000000,-85.242500000000,4.100000000000,11.000000000000,0.000000000000,30.410000000000,30.280000000000,-68.943037974684,0.000423666667,-88.650285714286,0.600000000000,64.000000000000,0.000000000000,27.980000000000,27.590000000000,-71.967948717949,0.000097333333,-53.054000000000,1.200000000000,12.000000000000,0.000000000000,32.740000000000,31.290000000000,-66.113924050633,0.000097333333,-61.543000000000,4.800000000000,62.000000000000,0.000000000000
29.910000000000,29.500000000000,-63.373737373737,0.005936000000,-72.746000000000,4.400000000000,7.000000000000,0.000000000000,30.550000000000,30.450000000000,-68.166666666667,0.001301333333,-88.193833333333,0.700000000000,84.000000000000,0.000000000000,27.140000000000,27.075000000000,-71.659649122807,0.000194666667,-33.976500000000,1.200000000000,20.000000000000,0.000000000000,30.570000000000,30.770000000000,-66.207894736842,0.000194666667,-77.749600000000,4.800000000000,6.000000000000,0.000000000000
26.040000000000,25.740000000000,-76.638513513514,0.012278666667,-86.271600000000,2.500000000000,12.000000000000,0.000000000000,30.850000000000,29.250000000000,-69.462264150943,0.000847333333,-86.861250000000,1.800000000000,64.000000000000,0.000000000000,25.640000000000,26.475000000000,-72.600000000000,0.000178666667,-44.951000000000,0.900000000000,20.000000000000,0.000000000000,28.760000000000,29.230000000000,-66.127358490566,0.000097333333,-65.898000000000,4.800000000000,40.000000000000,0.000000000000
24.880000000000,22.690000000000,-58.495934959350,0.020980666667,-82.614750000000,1.700000000000,9.000000000000,0.000000000000,24.800000000000,22.350000000000,-65.614285714286,0.000434000000,-90.171500000000,4.200000000000,11.000000000000,0.000000000000,19.760000000000,18.435000000000,-71.287439613527,0.000097333333,-46.528500000000,1.900000000000,6.000000000000,0.000000000000,30.090000000000,22.040000000000,-77.061881188119,0.000194666667,-77.012333333333,3.100000000000,7.000000000000,0.000000000000
9.340000000000,11.860000000000,-59.824175824176,0.031236333333,-81.131600000000,4.100000000000,54.000000000000,0.000000000000,12.290000000000,11.250000000000,-69.647058823529,0.000379666667,-89.119833333333,0.800000000000,101.000000000000,0.000000000000,14.240000000000,16.600000000000,-68.502923976608,0.000000000000,-50.568500000000,0.700000000000,81.000000000000,0.000000000000,39.370000000000,13.305000000000,-85.752293577982,0.000194666667,-48.204000000000,4.000000000000,14.000000000000,0.000000000000
12.260000000000,15.450000000000,-59.090592334495,0.017983030303,-82.764571428571,4.100000000000,9.000000000000,0.000000000000,19.610000000000,20.710000000000,-66.652173913043,0.000742333333,-88.466571428571,1.500000000000,33.000000000000,0.000000000000,17.760000000000,21.510000000000,-74.882113821138,0.000194666667,-56.250500000000,0.400000000000,27.000000000000,0.000000000000,14.360000000000,16.840000000000,-64.812865497076,0.000178666667,-70.829000000000,4.300000000000,9.000000000000,0.000000000000
15.410000000000,16.680000000000,-60.578666666667,0.014319696970,-70.524000000000,4.200000000000,9.000000000000,0.000000000000,12.080000000000,17.900000000000,-68.297297297297,0.000905000000,-83.804800000000,2.100000000000,59.000000000000,0.000000000000,24.310000000000,22.890000000000,-73.259911894273,0.000194666667,-50.863500000000,0.600000000000,31.000000000000,0.000000000000,16.450000000000,18.710000000000,-64.521739130435,0.000194666667,-79.901000000000,4.500000000000,8.000000000000,0.000000000000
18.790000000000,20.050000000000,-60.118110236221,0.021382666667,-74.748571428571,2.200000000000,32.000000000000,0.000000000000,21.340000000000,21.670000000000,-65.777777777778,0.000830333333,-87.626000000000,0.800000000000,101.000000000000,0.000000000000,23.950000000000,24.280000000000,-73.858695652174,0.000178666667,-48.360000000000,0.700000000000,21.000000000000,0.000000000000,20.540000000000,22.390000000000,-65.354005167959,0.000292000000,-71.465000000000,3.800000000000,8.000000000000,0.000000000000
24.200000000000,20.950000000000,-60.528061224490,0.009227333333,-70.606000000000,4.500000000000,8.000000000000,0.000000000000,16.240000000000,20.390000000000,-70.684210526316,0.000821833333,-86.936000000000,0.400000000000,101.000000000000,0.000000000000,21.740000000000,22.870000000000,-72.488700564972,0.000097333333,-33.904500000000,1.100000000000,11.000000000000,0.000000000000,19.280000000000,21.900000000000,-66.621212121212,0.000178666667,-72.824000000000,3.000000000000,39.000000000000,0.000000000000
21.150000000000,21.720000000000,-66.028776978417,0.012662666667,-87.189000000000,4.200000000000,25.000000000000,0.000000000000,19.570000000000,21.190000000000,-65.658045977011,0.000862500000,-83.855666666667,1.200000000000,55.000000000000,0.000000000000,19.705000000000,21.030000000000,-75.986842105263,0.000097333333,-41.948333333333,0.400000000000,17.000000000000,0.000000000000,18.780000000000,19.515000000000,-66.431372549020,0.000097333333,-34.995000000000,4.600000000000,6.000000000000,0.000000000000
12.990000000000,12.020000000000,-60.000000000000,0.012473333333,-70.515000000000,4.000000000000,10.000000000000,0.000000000000,18.550000000000,15.670000000000,-69.565408388521,0.000871000000,-89.045000000000,1.700000000000,26.000000000000,0.000000000000,12.675000000000,14.370000000000,-74.383900928793,0.000000000000,-61.680000000000,0.800000000000,11.000000000000,0.000000000000,16.860000000000,15.310000000000,-65.989304812834,0.000194666667,-60.662000000000,4.400000000000,9.000000000000,0.000000000000
7.250000000000,10.230000000000,-66.437500000000,0.017761333333,-83.363750000000,3.800000000000,10.000000000000,0.000000000000,7.370000000000,9.940000000000,-64.035851063830,0.000862500000,-88.938166666667,0.500000000000,25.000000000000,0.000000000000,6.520000000000,10.510000000000,-63.044973544974,0.000097333333,-49.415000000000,4.300000000000,9.000000000000,0.000000000000,5.720000000000,13.090000000000,-71.051724137931,0.000097333333,-80.491000000000,4.400000000000,7.000000000000,0.000000000000
10.440000000000,13.820000000000,-65.352617079890,0.005573696970,-74.677000000000,3.900000000000,10.000000000000,0.000000000000,13.310000000000,14.640000000000,-69.125000000000,0.000650666667,-89.623000000000,1.500000000000,57.000000000000,0.000000000000,11.580000000000,13.700000000000,-58.972307692308,0.001960000000,-46.409000000000,2.000000000000,60.000000000000,0.000000000000,10.480000000000,13.600000000000,-65.493946731235,0.000194666667,-81.019000000000,4.800000000000,6.000000000000,0.000000000000
19.730000000000,21.915000000000,-65.554123711340,0.015526666667,-84.347000000000,4.300000000000,8.000000000000,0.000000000000,21.240000000000,23.396666666667,-65.150266232423,0.000245833334,-61.371500000000,2.400000000000,15.000000000000,0.000000000000,24.730000000000,25.380000000000,-74.238095238095,0.000194666667,-32.908500000000,0.800000000000,11.000000000000,0.000000000000,27.090000000000,22.530000000000,-71.745205479452,0.000097333333,-81.266000000000,4.500000000000,11.000000000000,0.000000000000
10.760000000000,10.190000000000,-63.757668711656,0.012958666667,-73.271571428571,1.300000000000,8.000000000000,0.000000000000,23.490000000000,25.500000000000,-68.330645161290,0.000295000000,-89.505000000000,0.000000000000,81.000000000000,0.000000000000,25.910000000000,25.480000000000,-73.955112219451,0.000000000000,-43.517000000000,0.700000000000,7.000000000000,0.000000000000,25.620000000000,26.520000000000,-65.383561643836,0.000194666667,-80.105000000000,4.300000000000,10.000000000000,0.000000000000
17.230000000000,14.870000000000,-60.514285714286,0.010285696970,-70.520000000000,4.400000000000,15.000000000000,0.000000000000,25.900000000000,25.190000000000,-65.264580369844,0.000049166667,-85.161500000000,1.800000000000,101.000000000000,0.000000000000,25.560000000000,25.620000000000,-73.530516431925,0.000129333333,-43.953000000000,0.600000000000,35.000000000000,0.000000000000,23.240000000000,25.620000000000,-65.486005089058,0.000097333333,-57.120500000000,4.600000000000,8.000000000000,0.000000000000
18.970000000000,20.310000000000,-60.101265822785,0.002440000000,-72.575500000000,4.400000000000,7.000000000000,0.000000000000,23.900000000000,23.810000000000,-67.566666666667,0.000098333333,-87.390571428571,2.500000000000,58.000000000000,0.000000000000,24.990000000000,25.160000000000,-72.304029304029,0.000178666667,-54.384666666667,0.600000000000,22.000000000000,0.000000000000,28.190000000000,28.590000000000,-65.543175487465,0.000194666667,-79.582000000000,4.200000000000,11.000000000000,0.000000000000
20.640000000000,24.190000000000,-64.910112359551,0.003660000000,-81.950800000000,1.600000000000,8.000000000000,0.000000000000,29.230000000000,28.290000000000,-70.380112098956,0.000147500000,-82.512500000000,2.000000000000,55.000000000000,0.000000000000,26.250000000000,25.590000000000,-66.374358974359,0.000097333333,-45.124666666667,1.000000000000,39.000000000000,0.000000000000,28.440000000000,29.260000000000,-65.822289156626,0.000097333333,-71.944000000000,4.800000000000,17.000000000000,0.000000000000
24.150000000000,24.110000000000,-65.840625000000,0.002228000000,-72.820500000000,3.300000000000,15.000000000000,0.000000000000,21.560000000000,23.920000000000,-69.975177304965,0.000098333333,-84.697500000000,2.900000000000,20.000000000000,0.000000000000,24.530000000000,25.300000000000,-73.442211055276,0.000097333333,-42.541250000000,0.600000000000,39.000000000000,0.000000000000,25.380000000000,23.270000000000,-69.912718204489,0.000194666667,-80.423000000000,4.700000000000,7.000000000000,0.000000000000
21.880000000000,22.220000000000,-65.400000000000,0.004749333333,-82.775000000000,0.200000000000,101.000000000000,0.000000000000,25.340000000000,25.230000000000,-72.092526690391,0.000196666667,-80.775500000000,3.100000000000,20.000000000000,0.000000000000,18.986666666667,23.430000000000,-70.636363636364,0.000048000000,-33.759250000000,0.700000000000,47.000000000000,0.000000000000,23.850000000000,26.540000000000,-66.938574938575,0.000194666667,-80.058000000000,4.700000000000,6.000000000000,0.000000000000
5.170000000000,5.630000000000,-60.386363636364,0.011270666667,-84.592000000000,1.100000000000,30.000000000000,0.000000000000,6.800000000000,8.180000000000,-63.442592592593,0.000098333334,-83.916750000000,2.300000000000,22.000000000000,0.000000000000,2.230000000000,6.840000000000,-59.621621621622,0.000601333333,-61.511000000000,2.000000000000,8.000000000000,0.000000000000,6.650000000000,8.770000000000,-69.374331550802,0.000097333333,-81.649000000000,4.400000000000,9.000000000000,0.000000000000
16.280000000000,17.840000000000,-69.316239316239,0.000000000000,-82.882100000000,2.300000000000,19.000000000000,0.000000000000,18.040000000000,16.760000000000,-71.329608938547,0.000000000000,-79.751666666667,3.600000000000,11.000000000000,0.000000000000,17.750000000000,16.070000000000,-74.209302325581,0.000097333333,-54.577500000000,0.600000000000,24.000000000000,0.000000000000,19.310000000000,19.230000000000,-65.635242929659,0.000097333333,-66.565666666667,1.900000000000,28.000000000000,0.000000000000
19.010000000000,16.396666666667,-65.028169014084,0.003658666667,-80.436615384615,1.200000000000,62.000000000000,0.000000000000,17.630000000000,19.600000000000,-71.783854166667,0.000537166666,-85.196000000000,0.000000000000,80.000000000000,0.000000000000,12.220000000000,12.880000000000,-66.052980132450,0.000097333333,-45.845666666667,3.300000000000,21.000000000000,0.000000000000,20.700000000000,19.295000000000,-64.137349397590,0.000097333333,-62.374000000000,4.800000000000,6.000000000000,0.000000000000
23.240000000000,21.590000000000,-65.319148936170,0.005545333333,-78.753428571429,1.400000000000,101.000000000000,0.000000000000,18.710000000000,19.250000000000,-69.277397260274,0.000359333333,-82.714000000000,3.700000000000,19.000000000000,0.000000000000,5.960000000000,10.330000000000,-67.932249322493,0.000097333333,-63.849000000000,2.600000000000,10.000000000000,0.000000000000,22.830000000000,23.070000000000,-65.440806045340,0.000194666667,-83.060000000000,4.600000000000,7.000000000000,0.000000000000
16.280000000000,14.055000000000,-65.546012269939,0.007106666667,-78.520714285714,2.100000000000,50.000000000000,0.000000000000,18.710000000000,19.250000000000,-69.277397260274,0.000359333333,-82.714000000000,3.700000000000,19.000000000000,0.000000000000,5.130000000000,8.460000000000,-70.704918032787,0.000000000000,-36.445000000000,1.700000000000,17.000000000000,0.000000000000,22.830000000000,23.070000000000,-65.440806045340,0.000194666667,-83.060000000000,4.600000000000,7.000000000000,0.000000000000
22.520000000000,22.150000000000,-68.887500000000,0.010370000000,-80.650500000000,2.500000000000,44.000000000000,0.000000000000,17.990000000000,20.410000000000,-69.692771084337,0.000440666667,-87.358000000000,3.500000000000,51.000000000000,0.000000000000,5.340000000000,5.480000000000,-66.980392156863,0.000194666667,-47.370333333333,1.700000000000,24.000000000000,0.000000000000,22.830000000000,23.070000000000,-65.440806045340,0.000194666667,-83.060000000000,4.600000000000,7.000000000000,0.000000000000
