20.100000000000,19.160000000000,4.480000000000,-64.015748031496,2640.204724409450,0.024762333333,-76.030000000000,13.168331645607,12.216666666667,13.580000000000,2.267666666667,-62.727272727273,8309.142857142861,0.000749000000,-87.532714285714,8.825073469898,0.560000000000,0.000000000000,4.493333333333,-63.237851662404,2573.493606138110,0.000194666667,-23.723250000000,2.039181890237,22.070000000000,22.240000000000,3.580000000000,-65.736972704715,2570.883374689830,0.000097333333,-74.295500000000,11.985369327035
20.100000000000,19.160000000000,4.480000000000,-64.015748031496,2640.204724409450,0.024762333333,-76.030000000000,13.168331645607,12.216666666667,13.580000000000,2.267666666667,-62.727272727273,8309.142857142861,0.000749000000,-87.532714285714,8.825073469898,0.790000000000,0.000000000000,4.800000000000,-61.797979797980,5548.111111111110,0.000097333333,-26.139333333333,2.371783188745,22.070000000000,22.240000000000,3.580000000000,-65.736972704715,2570.883374689830,0.000097333333,-74.295500000000,11.985369327035
20.100000000000,19.160000000000,4.480000000000,-64.015748031496,2640.204724409450,0.024762333333,-76.030000000000,13.168331645607,12.216666666667,13.580000000000,2.267666666667,-62.727272727273,8309.142857142861,0.000749000000,-87.532714285714,8.825073469898,0.180000000000,0.000000000000,4.510000000000,-63.000000000000,2509.735660847880,0.000194666667,-26.151500000000,2.226951594417,22.070000000000,22.240000000000,3.580000000000,-65.736972704715,2570.883374689830,0.000097333333,-74.295500000000,11.985369327035
20.100000000000,19.160000000000,4.480000000000,-64.015748031496,2640.204724409450,0.024762333333,-76.030000000000,13.168331645607,12.216666666667,13.580000000000,2.267666666667,-62.727272727273,8309.142857142861,0.000749000000,-87.532714285714,8.825073469898,0.000000000000,0.000000000000,4.920000000000,-63.411764705882,4314.501960784310,0.000097333333,-27.381333333333,1.985509791083,22.070000000000,22.240000000000,3.580000000000,-65.736972704715,2570.883374689830,0.000097333333,-74.295500000000,11.985369327035
20.100000000000,19.160000000000,4.480000000000,-64.015748031496,2640.204724409450,0.024762333333,-76.030000000000,13.168331645607,12.216666666667,13.580000000000,2.267666666667,-62.727272727273,8309.142857142861,0.000749000000,-87.532714285714,8.825073469898,0.400000000000,0.000000000000,4.880000000000,-61.698564593301,2406.110047846890,0.000097333333,-26.518000000000,1.598800030230,22.070000000000,22.240000000000,3.580000000000,-65.736972704715,2570.883374689830,0.000097333333,-74.295500000000,11.985369327035
20.100000000000,19.160000000000,4.480000000000,-64.015748031496,2640.204724409450,0.024762333333,-76.030000000000,13.168331645607,12.216666666667,13.580000000000,2.267666666667,-62.727272727273,8309.142857142861,0.000749000000,-87.532714285714,8.825073469898,0.620000000000,0.000000000000,4.550000000000,-61.158415841584,2424.960396039600,0.000178666667,-26.558000000000,1.697109900136,22.070000000000,22.240000000000,3.580000000000,-65.736972704715,2570.883374689830,0.000097333333,-74.295500000000,11.985369327035
20.100000000000,19.160000000000,4.480000000000,-64.015748031496,2640.204724409450,0.024762333333,-76.030000000000,13.168331645607,12.216666666667,13.580000000000,2.267666666667,-62.727272727273,8309.142857142861,0.000749000000,-87.532714285714,8.825073469898,0.120000000000,0.000000000000,4.315000000000,-61.339759036145,2425.937349397590,0.000194666667,-26.481500000000,1.824886421861,22.070000000000,22.240000000000,3.580000000000,-65.736972704715,2570.883374689830,0.000097333333,-74.295500000000,11.985369327035
20.620000000000,19.330000000000,3.410000000000,-60.016304347826,2737.190217391300,0.009916666667,-86.815500000000,12.413288754519,14.470000000000,14.190000000000,0.800000000000,-67.896739130435,5060.663043478260,0.001091333333,-89.505142857143,9.221571120909,8.670000000000,0.000000000000,2.025000000000,-69.114754098361,3295.344262295080,0.000097333333,-40.394000000000,5.882022308089,20.820000000000,22.580000000000,4.320000000000,-65.658823529412,2960.705882352940,0.000292000000,-79.444500000000,12.245753412019
21.350000000000,21.920000000000,3.225000000000,-62.147132169576,2508.084788029930,0.004769666667,-79.999400000000,12.235826954914,22.140000000000,20.200000000000,0.596000000000,-69.047619047619,9484.952380952380,0.000830333333,-82.184666666667,12.780896799094,13.145000000000,0.000000000000,3.425000000000,-67.750684931507,2758.734246575340,0.000097333333,-57.371000000000,17.315511761658,22.960000000000,21.960000000000,4.100000000000,-65.806629834254,2758.193370165750,0.000000000000,-78.194000000000,12.775966304981
20.390000000000,22.600000000000,4.585000000000,-62.605351170569,3376.588628762540,0.007192333333,-75.715000000000,12.355875033120,21.150000000000,19.660000000000,1.390000000000,-71.475806451613,4783.516129032260,0.000423666667,-90.559833333333,12.213739277680,14.665000000000,0.000000000000,0.470000000000,-75.813278008299,4179.950207468880,0.000097333333,-56.603000000000,26.041963402149,17.490000000000,17.630000000000,4.725000000000,-62.759575083105,2468.131570072745,0.000446666667,-79.437000000000,7.696865841548
20.430000000000,24.280000000000,3.045000000000,-64.525691699605,3979.154150197630,0.008549696970,-82.442200000000,12.989405781534,19.630000000000,18.990000000000,1.780000000000,-69.017021276596,2799.574468085110,0.000667666667,-87.221285714286,11.637893244397,14.430000000000,7.350000000000,0.458500000000,-76.506993006993,3529.517482517480,0.000194666667,-57.778500000000,29.411641683366,23.070000000000,22.830000000000,4.670000000000,-65.440806045340,2538.921914357680,0.000194666667,-83.060000000000,13.300269885218
19.470000000000,20.710000000000,1.165000000000,-69.039603960396,9380.633663366340,0.003089333333,-86.592875000000,13.874911382497,17.590000000000,17.650000000000,1.107000000000,-70.040000000000,4385.312000000000,0.000359333333,-88.543500000000,10.518316955663,8.530000000000,23.400000000000,0.482000000000,-76.675675675676,3031.351351351350,0.000097333333,-41.695000000000,27.658205702672,17.900000000000,20.040000000000,4.695000000000,-63.165841584158,2493.519801980200,0.000194666667,-60.422000000000,9.674549853006
17.990000000000,18.690000000000,1.224000000000,-69.381578947368,5830.184210526320,0.001593333333,-85.696100000000,14.183184144626,17.590000000000,17.650000000000,1.107000000000,-70.040000000000,4385.312000000000,0.000359333333,-88.543500000000,10.518316955663,6.950000000000,24.070000000000,0.470000000000,-74.946428571429,4496.642857142860,0.000097333333,-48.838000000000,23.142770933526,17.900000000000,20.040000000000,4.695000000000,-63.165841584158,2493.519801980200,0.000194666667,-60.422000000000,9.674549853006
17.990000000000,18.690000000000,1.224000000000,-69.381578947368,5830.184210526320,0.001593333333,-85.696100000000,14.183184144626,17.590000000000,17.650000000000,1.107000000000,-70.040000000000,4385.312000000000,0.000359333333,-88.543500000000,10.518316955663,7.040000000000,22.700000000000,0.458500000000,-77.337837837838,4517.639639639640,0.000194666667,-39.089000000000,18.911546776559,19.230000000000,19.310000000000,1.976666666667,-65.635242929659,4177.895968484800,0.000097333333,-66.565666666667,13.284696189799
17.820000000000,18.550000000000,1.460000000000,-72.804195804196,7165.048951048950,0.001577333333,-83.667272727273,14.909595836300,16.760000000000,18.040000000000,3.635000000000,-71.329608938547,2811.916201117320,0.000000000000,-79.751666666667,10.537125633046,6.540000000000,13.880000000000,0.458500000000,-74.856617647059,3705.080882352940,0.000097333333,-49.735500000000,12.162045367141,19.230000000000,19.310000000000,1.976666666667,-65.635242929659,4177.895968484800,0.000097333333,-66.565666666667,13.284696189799
17.820000000000,18.550000000000,1.460000000000,-72.804195804196,7165.048951048950,0.001577333333,-83.667272727273,14.909595836300,16.790000000000,18.280000000000,1.057000000000,-68.352240896359,8805.228291316515,0.000261000000,-87.828000000000,10.229839360114,0.380000000000,7.820000000000,0.470000000000,-74.553784860558,4023.091633466140,0.000194666667,-48.239000000000,5.577272249220,19.230000000000,19.310000000000,1.976666666667,-65.635242929659,4177.895968484800,0.000097333333,-66.565666666667,13.284696189799
17.820000000000,18.550000000000,1.460000000000,-72.804195804196,7165.048951048950,0.001577333333,-83.667272727273,14.909595836300,16.760000000000,18.040000000000,3.635000000000,-71.329608938547,2811.916201117320,0.000000000000,-79.751666666667,10.537125633046,0.000000000000,7.063333333333,0.376500000000,-75.266355140187,4702.934579439250,0.000000000000,-52.743333333333,5.401837096825,19.230000000000,19.310000000000,1.976666666667,-65.635242929659,4177.895968484800,0.000097333333,-66.565666666667,13.284696189799
17.840000000000,16.280000000000,2.355000000000,-69.316239316239,3443.401709401710,0.000000000000,-82.882100000000,15.192451615133,18.610000000000,21.060000000000,1.303500000000,-71.686915887851,5577.327102803740,0.000278000000,-87.773500000000,9.707520550710,0.000000000000,0.000000000000,2.421000000000,-51.910442583732,3718.263181818180,0.000089333334,-27.501333333333,5.473014976835,19.230000000000,19.310000000000,1.976666666667,-65.635242929659,4177.895968484800,0.000097333333,-66.565666666667,13.284696189799
17.840000000000,16.280000000000,2.355000000000,-69.316239316239,3443.401709401710,0.000000000000,-82.882100000000,15.192451615133,18.610000000000,21.060000000000,1.303500000000,-71.686915887851,5577.327102803740,0.000278000000,-87.773500000000,9.707520550710,0.000000000000,0.000000000000,2.421000000000,-51.910442583732,3718.263181818180,0.000089333334,-27.501333333333,5.473014976835,19.230000000000,19.310000000000,1.976666666667,-65.635242929659,4177.895968484800,0.000097333333,-66.565666666667,13.284696189799
17.840000000000,16.280000000000,2.355000000000,-69.316239316239,3443.401709401710,0.000000000000,-82.882100000000,15.192451615133,18.610000000000,21.060000000000,1.303500000000,-71.686915887851,5577.327102803740,0.000278000000,-87.773500000000,9.707520550710,0.000000000000,0.000000000000,4.210000000000,-54.407594936709,2550.045569620250,0.000000000000,-48.571000000000,5.985922181020,19.230000000000,19.310000000000,1.976666666667,-65.635242929659,4177.895968484800,0.000097333333,-66.565666666667,13.284696189799
17.840000000000,16.280000000000,2.355000000000,-69.316239316239,3443.401709401710,0.000000000000,-82.882100000000,15.192451615133,18.610000000000,21.060000000000,1.303500000000,-71.686915887851,5577.327102803740,0.000278000000,-87.773500000000,9.707520550710,0.000000000000,0.000000000000,4.210000000000,-54.407594936709,2550.045569620250,0.000000000000,-48.571000000000,5.985922181020,19.230000000000,19.310000000000,1.976666666667,-65.635242929659,4177.895968484800,0.000097333333,-66.565666666667,13.284696189799
17.820000000000,18.550000000000,1.460000000000,-72.804195804196,7165.048951048950,0.001577333333,-83.667272727273,14.909595836300,18.610000000000,21.060000000000,1.303500000000,-71.686915887851,5577.327102803740,0.000278000000,-87.773500000000,9.707520550710,0.000000000000,0.000000000000,4.365000000000,-52.974160206718,2603.777777777780,0.000097333333,-27.856000000000,6.414171804992,19.230000000000,19.310000000000,1.976666666667,-65.635242929659,4177.895968484800,0.000097333333,-66.565666666667,13.284696189799
17.820000000000,18.550000000000,1.460000000000,-72.804195804196,7165.048951048950,0.001577333333,-83.667272727273,14.909595836300,16.790000000000,18.280000000000,1.057000000000,-68.352240896359,8805.228291316515,0.000261000000,-87.828000000000,10.229839360114,0.000000000000,0.000000000000,3.455000000000,-50.887559808612,2408.870813397130,0.000292000000,-29.036000000000,6.613831289395,19.230000000000,19.310000000000,1.976666666667,-65.635242929659,4177.895968484800,0.000097333333,-66.565666666667,13.284696189799
17.820000000000,18.550000000000,1.460000000000,-72.804195804196,7165.048951048950,0.001577333333,-83.667272727273,14.909595836300,16.790000000000,18.280000000000,1.057000000000,-68.352240896359,8805.228291316515,0.000261000000,-87.828000000000,10.229839360114,0.000000000000,0.000000000000,2.200000000000,-60.949152542373,3428.074576271190,0.000097333333,-73.956666666667,6.486035655887,19.230000000000,19.310000000000,1.976666666667,-65.635242929659,4177.895968484800,0.000097333333,-66.565666666667,13.284696189799
17.820000000000,18.550000000000,1.460000000000,-72.804195804196,7165.048951048950,0.001577333333,-83.667272727273,14.909595836300,16.790000000000,18.280000000000,1.057000000000,-68.352240896359,8805.228291316515,0.000261000000,-87.828000000000,10.229839360114,1.855000000000,0.000000000000,3.540000000000,-52.254901960784,2472.122549019610,0.000097333333,-47.835333333333,6.226913388823,19.230000000000,19.310000000000,1.976666666667,-65.635242929659,4177.895968484800,0.000097333333,-66.565666666667,13.284696189799
17.840000000000,16.280000000000,2.355000000000,-69.316239316239,3443.401709401710,0.000000000000,-82.882100000000,15.192451615133,18.610000000000,21.060000000000,1.303500000000,-71.686915887851,5577.327102803740,0.000278000000,-87.773500000000,9.707520550710,1.625000000000,0.000000000000,4.600000000000,-54.006825938567,3434.607508532420,0.000178666667,-54.595000000000,6.207369410189,19.230000000000,19.310000000000,1.976666666667,-65.635242929659,4177.895968484800,0.000097333333,-66.565666666667,13.284696189799
16.750000000000,15.390000000000,2.175000000000,-71.041884816754,5254.502617801050,0.001089333333,-84.089714285714,14.335619526426,18.610000000000,21.060000000000,1.303500000000,-71.686915887851,5577.327102803740,0.000278000000,-87.773500000000,9.707520550710,2.970000000000,0.000000000000,3.503333333333,-58.498583569405,2880.373937677050,0.000097333333,-40.787166666667,6.473534451225,15.110000000000,14.530000000000,4.425000000000,-65.384615384615,2673.655172413790,0.000194666667,-76.653000000000,11.160191348305
16.750000000000,15.390000000000,2.175000000000,-71.041884816754,5254.502617801050,0.001089333333,-84.089714285714,14.335619526426,18.610000000000,21.060000000000,1.303500000000,-71.686915887851,5577.327102803740,0.000278000000,-87.773500000000,9.707520550710,2.970000000000,0.000000000000,3.503333333333,-58.498583569405,2880.373937677050,0.000097333333,-40.787166666667,6.473534451225,15.110000000000,14.530000000000,4.425000000000,-65.384615384615,2673.655172413790,0.000194666667,-76.653000000000,11.160191348305
17.820000000000,18.550000000000,1.460000000000,-72.804195804196,7165.048951048950,0.001577333333,-83.667272727273,14.909595836300,16.760000000000,18.040000000000,3.635000000000,-71.329608938547,2811.916201117320,0.000000000000,-79.751666666667,10.537125633046,6.660000000000,0.000000000000,3.150000000000,-53.389221556886,6587.976047904190,0.000097333333,-42.363250000000,7.160114512625,19.230000000000,19.310000000000,1.976666666667,-65.635242929659,4177.895968484800,0.000097333333,-66.565666666667,13.284696189799
17.195000000000,20.280000000000,1.365000000000,-69.019417475728,9669.669902912619,0.000255030303,-80.157100000000,13.915395681440,18.770000000000,21.060000000000,1.720000000000,-67.592592592593,8894.685185185181,0.000261000000,-88.318571428571,9.062074246533,10.800000000000,0.000000000000,4.500000000000,-62.875000000000,2576.122448979590,0.000194666667,-33.521200000000,12.244650869731,17.900000000000,20.040000000000,4.695000000000,-63.165841584158,2493.519801980200,0.000194666667,-60.422000000000,9.674549853006
20.890000000000,21.900000000000,1.250000000000,-68.294736842105,10153.347368421100,0.002472000000,-80.557636363636,14.778626535780,18.970000000000,20.110000000000,0.547833333333,-62.763157894737,8350.157894736840,0.000488000000,-90.098500000000,8.891625062986,9.720000000000,2.720000000000,2.990000000000,-62.733333333333,5636.820512820510,0.001960000000,-40.232500000000,14.774971927505,19.295000000000,20.700000000000,4.870000000000,-64.137349397590,2425.836144578310,0.000097333333,-62.374000000000,10.984608559846
15.430000000000,18.110000000000,1.250000000000,-63.781250000000,10853.166666666701,0.008207333333,-80.634333333333,12.590393859935,20.020000000000,18.960000000000,1.685000000000,-70.000000000000,7210.819672131150,0.000406666667,-86.274600000000,10.544810422423,10.680000000000,2.080000000000,0.494000000000,-77.000000000000,5731.343750000000,0.000097333333,-57.119800000000,20.405938217836,19.295000000000,20.700000000000,4.870000000000,-64.137349397590,2425.836144578310,0.000097333333,-62.374000000000,10.984608559846
22.150000000000,22.520000000000,2.575000000000,-68.887500000000,5475.450000000000,0.010370000000,-80.650500000000,13.981858036112,20.410000000000,17.990000000000,3.530000000000,-69.692771084337,6002.722891566270,0.000440666667,-87.358000000000,11.307611606608,12.380000000000,1.850000000000,0.447000000000,-74.358823529412,6508.588235294120,0.000032000000,-51.749000000000,27.311410399168,23.070000000000,22.830000000000,4.670000000000,-65.440806045340,2538.921914357680,0.000194666667,-83.060000000000,13.300269885218
21.680000000000,23.940000000000,3.340000000000,-64.171532846715,3654.693430656930,0.006893333333,-73.983909090909,14.091186894643,17.150000000000,15.920000000000,0.882000000000,-69.642857142857,8799.628571428570,0.000749000000,-89.690000000000,10.195909451188,12.000000000000,0.000000000000,0.470000000000,-76.405714285714,6323.965714285710,0.000000000000,-44.087000000000,35.357106805695,17.490000000000,17.630000000000,4.725000000000,-62.759575083105,2468.131570072745,0.000446666667,-79.437000000000,7.696865841548
0.000000000000,2.040000000000,3.706666666667,-54.770491803279,4125.909836065570,0.017170666667,-86.005000000000,7.077299295796,20.860000000000,17.970000000000,1.237000000000,-65.216216216216,5960.810810810810,0.000830333333,-89.119250000000,13.513420743911,11.080000000000,8.775000000000,0.458500000000,-78.826086956522,6200.894409937890,0.000097333333,-59.399800000000,48.850166885326,22.960000000000,21.960000000000,4.100000000000,-65.806629834254,2758.193370165750,0.000000000000,-78.194000000000,12.775966304981
14.630000000000,15.210000000000,4.280000000000,-63.608695652174,2571.779264214050,0.014713696970,-77.916000000000,13.039545430423,13.140000000000,18.870000000000,3.975000000000,-71.000000000000,21786.040816326498,0.000586333333,-85.070666666667,11.617767840288,7.430000000000,11.600000000000,2.210000000000,-74.212244897959,4110.848979591840,0.000097333333,-30.897500000000,12.784417416409,14.750000000000,14.630000000000,4.585000000000,-63.958115183246,2544.157068062830,0.000097333333,-81.227000000000,11.923253920592
8.740000000000,12.620000000000,4.315000000000,-60.904615384615,2812.744615384620,0.011745000000,-72.331000000000,11.889614519929,4.540000000000,8.900000000000,3.925000000000,-61.251479289941,3253.964497041420,0.000000000000,-86.933500000000,7.905690968230,2.640000000000,6.380000000000,2.625000000000,-67.610169491525,3416.488135593220,0.000097333333,-31.877500000000,10.019598010676,11.210000000000,16.310000000000,4.820000000000,-66.132850241546,2436.038647343000,0.000097333333,-77.976000000000,12.866175080626
3.860000000000,6.930000000000,4.385000000000,-55.619047619048,4753.194805194800,0.004325333333,-89.288333333333,17.313952297363,12.543333333333,5.690000000000,1.693333333333,-71.489361702128,10242.361702127700,0.000342333333,-87.970750000000,9.058100523805,11.420000000000,6.090000000000,4.375000000000,-60.802110817942,2691.498680738790,0.000194666667,-32.263500000000,11.093862161080,13.080000000000,7.650000000000,4.460000000000,-68.568578553616,2512.458852867830,0.000194666667,-70.898500000000,11.757922292258
20.020000000000,19.360000000000,4.295000000000,-76.851562500000,4490.921875000000,0.018466181818,-86.675000000000,35.099057718282,23.500000000000,21.540000000000,3.385000000000,-68.403076923077,3095.163076923080,0.000162666667,-87.759000000000,10.416854484205,21.450000000000,25.080000000000,0.905500000000,-74.341296928328,3441.078498293520,0.000194666667,-55.829000000000,13.364740463576,23.390000000000,27.570000000000,4.685000000000,-69.485788113695,2605.917312661500,0.000194666667,-77.029000000000,14.069133194805
24.430000000000,24.370000000000,4.610000000000,-61.778894472362,2533.854271356780,0.004424000000,-85.014000000000,9.781413305297,24.810000000000,24.690000000000,0.917000000000,-68.587500000000,11678.350000000000,0.000505000000,-89.318714285714,10.357933191014,22.790000000000,24.700000000000,1.660000000000,-66.989898989899,5112.676767676770,0.000113333333,-40.484333333333,11.968084714817,26.170000000000,29.380000000000,1.518500000000,-66.997067448680,4509.976539589440,0.000000000000,-78.322571428571,12.372617912086
25.500000000000,25.150000000000,4.550000000000,-62.340000000000,2512.945000000000,0.002081333333,-73.096000000000,9.664310753742,26.770000000000,26.360000000000,2.860000000000,-71.116883116883,3930.532467532470,0.000749000000,-84.250000000000,10.702394051571,23.965000000000,24.180000000000,1.765000000000,-66.684729064039,4946.177339901480,0.000194666667,-35.856666666667,11.630930699206,29.620000000000,29.310000000000,4.800000000000,-66.250000000000,3499.256944444440,0.000097333333,-77.486000000000,15.571619158950
25.500000000000,25.150000000000,4.550000000000,-62.340000000000,2512.945000000000,0.002081333333,-73.096000000000,9.664310753742,27.910000000000,26.810000000000,2.785000000000,-73.049792531120,4161.510373443980,0.000098333333,-87.058750000000,10.982150144680,24.515000000000,24.890000000000,2.350000000000,-65.186666666667,4468.835555555560,0.000097333333,-33.904000000000,11.753711344681,29.620000000000,29.310000000000,4.800000000000,-66.250000000000,3499.256944444440,0.000097333333,-77.486000000000,15.571619158950
24.175000000000,23.650000000000,4.385000000000,-76.580474934037,2647.192612137200,0.004964242424,-85.078000000000,31.729885342260,30.050000000000,28.030000000000,0.814866666667,-71.183673469388,11994.265306122399,0.000261000000,-88.243666666667,12.263013632919,26.990000000000,25.540000000000,1.295000000000,-70.298642533937,4540.226244343890,0.000194666667,-58.444500000000,12.794973456038,31.590000000000,30.710000000000,4.940000000000,-65.012987012987,4751.194805194800,0.000097333333,-79.430500000000,10.957946351467
28.320000000000,28.110000000000,4.610000000000,-64.057788944724,2533.517587939700,0.004244000000,-75.882000000000,10.471147454447,30.540000000000,28.500000000000,2.540000000000,-71.071428571429,9179.357142857139,0.000098333333,-84.422500000000,12.822378488659,27.460000000000,26.620000000000,0.881000000000,-72.986486486486,4547.153153153150,0.000194666667,-36.054000000000,13.238885000953,32.350000000000,30.950000000000,4.695000000000,-65.755555555556,2548.216666666670,0.000194666667,-73.544000000000,11.383373352613
31.490000000000,31.690000000000,4.550000000000,-62.400000000000,2518.045000000000,0.004586666667,-71.689000000000,9.198605720695,31.270000000000,31.460000000000,1.047000000000,-71.976190476190,11348.071428571400,0.000261000000,-89.790000000000,14.802663517711,28.710000000000,27.210000000000,1.210000000000,-71.182978723404,4284.110638297870,0.000097333333,-46.142800000000,13.985719894503,31.860000000000,32.800000000000,4.375000000000,-66.090000000000,2519.850000000000,0.000097333333,-75.505714285714,13.677931966900
25.955000000000,25.300000000000,4.150000000000,-76.405994550409,2736.664850136240,0.003374000000,-87.139000000000,33.302944144815,31.440000000000,31.630000000000,2.105000000000,-69.053763440860,10408.967741935499,0.000667666667,-84.694000000000,13.419850257751,28.830000000000,28.130000000000,0.506000000000,-69.452991452991,8559.367521367520,0.000113333333,-38.728200000000,14.651094331079,31.460000000000,10.540000000000,4.445000000000,-77.848167539267,2640.801047120420,0.000178666667,-69.368000000000,51.435398207397
25.420000000000,26.140000000000,2.470000000000,-76.712328767123,3324.260273972600,0.012474666667,-84.808500000000,32.755210305727,27.460000000000,29.970000000000,2.400000000000,-68.745928338762,3636.677524429970,0.000196666667,-88.263666666667,13.164571852970,27.480000000000,28.580000000000,0.705500000000,-69.989690721649,10233.546391752599,0.000000000000,-53.180200000000,14.315514339479,29.130000000000,19.930000000000,4.365000000000,-76.736842105263,4072.939271255060,0.000178666667,-74.339000000000,58.561589158569
22.690000000000,24.880000000000,1.796666666667,-58.495934959350,2664.065040650410,0.020980666667,-82.614750000000,8.958184600752,22.350000000000,24.800000000000,4.210000000000,-65.614285714286,2871.937142857140,0.000434000000,-90.171500000000,10.351848725056,18.490000000000,25.710000000000,1.645000000000,-72.156626506024,4041.172690763050,0.000097333333,-51.470500000000,11.050779038475,22.040000000000,30.090000000000,3.115000000000,-77.061881188119,2494.861386138610,0.000194666667,-77.012333333333,56.719487874255
17.110000000000,22.190000000000,4.190000000000,-52.971962616822,2675.476635514020,0.013740060606,-71.973285714286,7.601555869599,7.300000000000,11.980000000000,0.894000000000,-58.013333333333,9368.106666666670,0.000786333333,-89.517375000000,8.015363998636,12.490000000000,10.700000000000,2.480000000000,-68.792000000000,3983.536000000000,0.000097333333,-32.926000000000,9.341815401632,22.440000000000,23.980000000000,4.600000000000,-66.291457286432,2529.361809045230,0.000178666667,-74.162000000000,11.980862701823
12.430000000000,10.500000000000,4.255000000000,-62.152112676056,2835.526760563380,0.012133000000,-77.310000000000,8.858157749810,11.060000000000,12.930000000000,1.645000000000,-65.886524822695,2317.617021276600,0.000830333333,-81.724200000000,9.755614506362,11.010000000000,10.720000000000,4.280000000000,-61.188010899183,2719.923705722070,0.000194666667,-31.943000000000,7.881746367141,6.920000000000,7.130000000000,3.540000000000,-62.386934673367,2450.201005025130,0.000097333333,-74.702000000000,6.242792873811
13.660000000000,15.020000000000,4.065000000000,-59.277286135693,2707.952802359880,0.015238060606,-69.546000000000,9.718640280072,7.070000000000,4.750000000000,0.835000000000,-70.230769230769,15682.820512820501,0.001074666667,-90.046142857143,10.773640755547,16.290000000000,15.570000000000,2.365000000000,-67.209016393443,4127.254098360660,0.000097333333,-62.781500000000,12.458884756299,17.590000000000,16.270000000000,4.360000000000,-65.991279069767,2929.406976744190,0.000000000000,-63.989666666667,12.169443655657
16.680000000000,15.410000000000,4.220000000000,-60.578666666667,2684.853333333330,0.014319696970,-70.524000000000,11.116555649181,15.020000000000,10.570000000000,0.894000000000,-68.534482758621,15408.413793103400,0.000498333333,-89.189000000000,12.955408400194,17.630000000000,16.780000000000,1.280500000000,-71.166666666667,4239.791666666670,0.000097333333,-62.924000000000,12.548145298447,20.170000000000,18.370000000000,3.785000000000,-65.865979381443,2596.938144329900,0.000097333333,-81.362000000000,13.019167080631
18.580000000000,16.470000000000,4.190000000000,-59.733108108108,2680.817567567570,0.020610666667,-81.368500000000,11.599935492340,17.200000000000,14.320000000000,3.190000000000,-66.593750000000,7884.921875000000,0.000359333333,-83.933333333333,14.303878137014,17.630000000000,15.160000000000,2.115000000000,-70.560885608856,3729.343173431730,0.000194666667,-29.962000000000,13.541698141268,20.120000000000,19.330000000000,3.350000000000,-65.651583710407,4564.723981900450,0.000097333333,-78.850000000000,13.096023759668
19.730000000000,17.570000000000,2.186333333333,-59.909090909091,5062.690909090910,0.013272000000,-74.748714285714,12.092280205969,18.860000000000,19.070000000000,1.481000000000,-66.417391304348,4719.834782608700,0.000261000000,-85.625800000000,15.261019560884,16.460000000000,14.735000000000,0.824500000000,-71.337748344371,6652.172185430460,0.000097333333,-47.047750000000,13.884638379730,21.190000000000,20.070000000000,4.915000000000,-66.411622276029,2438.745762711860,0.000178666667,-39.172000000000,12.163525384836
20.050000000000,18.790000000000,2.280666666667,-60.118110236221,4524.692913385830,0.021382666667,-74.748571428571,12.547427995145,21.950000000000,21.500000000000,2.553500000000,-67.379104477612,2683.516417910450,0.000522000000,-86.986333333333,14.433543059071,14.860000000000,13.280000000000,0.529000000000,-73.308139534884,5829.779069767440,0.000097333333,-22.055500000000,14.610800477269,20.950000000000,20.460000000000,4.315000000000,-66.090163934426,2744.584699453550,0.000178666667,-76.483000000000,12.824835051102
20.050000000000,18.790000000000,2.280666666667,-60.118110236221,4524.692913385830,0.021382666667,-74.748571428571,12.547427995145,19.560000000000,18.260000000000,3.695000000000,-69.764044943820,2951.786516853930,0.000522000000,-87.773000000000,15.311068373310,13.320000000000,13.290000000000,0.837000000000,-73.756756756757,5455.978378378380,0.000178666667,-39.159000000000,14.611416485890,20.360000000000,21.030000000000,4.410000000000,-66.535248041776,2714.114882506530,0.000194666667,-77.278000000000,12.036326485312
20.050000000000,18.790000000000,2.280666666667,-60.118110236221,4524.692913385830,0.021382666667,-74.748571428571,12.547427995145,21.670000000000,21.340000000000,0.894000000000,-65.777777777778,14457.301587301599,0.000830333333,-87.626000000000,14.431048495786,13.380000000000,12.420000000000,0.930500000000,-72.868995633188,4370.489082969430,0.000113333333,-40.564666666667,14.307023989861,22.390000000000,20.540000000000,3.835000000000,-65.354005167959,2600.599483204130,0.000292000000,-71.465000000000,13.216771129782
21.720000000000,21.150000000000,4.280000000000,-66.028776978417,3954.115107913670,0.012662666667,-87.189000000000,11.836124924694,17.390000000000,16.560000000000,0.905500000000,-67.542857142857,12782.171428571401,0.000928666667,-88.482375000000,16.097961878215,10.310000000000,11.390000000000,0.600000000000,-69.874385776825,5896.220137585990,0.000097333333,-55.021800000000,13.010868449969,19.515000000000,18.780000000000,4.685000000000,-66.431372549020,2466.352941176470,0.000097333333,-34.995000000000,11.882041998608
19.830000000000,20.960000000000,4.210000000000,-64.098550724638,2655.675362318840,0.009508444444,-82.610333333333,11.575857124265,21.720000000000,19.080000000000,4.725000000000,-69.461152882205,2525.032581453630,0.000928666667,-80.055000000000,15.529367024702,8.710000000000,7.150000000000,1.965000000000,-70.900277008310,2772.243767313020,0.000097333333,-50.930000000000,11.844866665149,17.160000000000,16.240000000000,4.290000000000,-66.830188679245,2722.792452830190,0.000194666667,-48.011000000000,12.767862074122
16.370000000000,19.830000000000,0.447000000000,-66.307692307692,2609.010989010990,0.027516000000,-82.894250000000,10.695664043642,15.600000000000,16.830000000000,1.276375000000,-61.722891566265,2297.638554216870,0.000732000000,-89.493000000000,15.540954376728,0.460000000000,0.810000000000,3.695000000000,-69.750000000000,2616.632183908050,0.000097333333,-31.205000000000,9.411407836922,15.360000000000,16.910000000000,4.650000000000,-66.350125944584,2530.186397984890,0.000097333333,-78.994000000000,12.457439829097
16.140000000000,16.210000000000,4.330000000000,-60.696236559140,2701.107526881720,0.006238666667,-88.506000000000,9.221571120909,15.670000000000,18.550000000000,1.733333333333,-69.565408388521,4068.968344370860,0.000871000000,-89.045000000000,14.509111049761,3.670000000000,3.500000000000,2.248000000000,-63.528985507246,2433.550724637680,0.000097333333,-32.327500000000,9.944759920493,14.390000000000,16.600000000000,4.540000000000,-66.225589225589,3708.942760942760,0.000000000000,-76.603000000000,11.786593201181
16.140000000000,16.210000000000,4.330000000000,-60.696236559140,2701.107526881720,0.006238666667,-88.506000000000,9.221571120909,15.670000000000,18.550000000000,1.733333333333,-69.565408388521,4068.968344370860,0.000871000000,-89.045000000000,14.509111049761,6.400000000000,6.040000000000,2.450000000000,-73.463687150838,3076.955307262570,0.000097333333,-35.765000000000,10.313521317805,15.310000000000,16.860000000000,4.455000000000,-65.989304812834,2695.165775401070,0.000194666667,-60.662000000000,10.332267245423
13.020000000000,13.280000000000,3.915000000000,-68.173374613003,2827.003095975230,0.008932666667,-86.666000000000,11.331465676308,11.030000000000,5.920000000000,0.962500000000,-65.466666666667,8936.480000000000,0.000813333333,-77.447400000000,13.856411276051,13.840000000000,15.490000000000,2.655000000000,-65.047393364929,4795.962085308060,0.000097333333,-55.472000000000,13.182677353934,14.400000000000,0.360000000000,4.270000000000,-81.231805929919,2714.916442048520,0.000097333333,-78.897000000000,14.253450064879
19.680000000000,21.320000000000,1.166000000000,-62.126984126984,2544.042328042330,0.019332000000,-80.464142857143,15.096767962959,22.950000000000,22.000000000000,0.717500000000,-69.741379310345,10277.034482758600,0.000376333333,-89.270428571429,13.038510011718,26.200000000000,27.315000000000,0.775500000000,-72.922636103152,2884.355300859600,0.000194666667,-43.166500000000,17.301991734797,21.600000000000,18.290000000000,4.750000000000,-72.063725490196,5447.637254901960,0.000097333333,-76.629200000000,33.260621020676
14.870000000000,17.230000000000,4.445000000000,-60.514285714286,3130.880000000000,0.010285696970,-70.520000000000,11.742985755247,25.190000000000,25.900000000000,1.872000000000,-65.264580369844,15886.995732574695,0.000049166667,-85.161500000000,13.773670134649,26.990000000000,29.210000000000,0.835000000000,-73.116465863454,3682.674698795180,0.000194666667,-49.077250000000,15.095575532330,22.280000000000,31.280000000000,4.825000000000,-71.804232804233,2427.957671957670,0.000194666667,-76.493000000000,24.263515904655
24.190000000000,24.590000000000,4.680000000000,-61.754328821207,4036.437859560065,0.002568333333,-84.642000000000,14.346602633172,28.010000000000,27.860000000000,1.004500000000,-72.170126424223,11882.247697830491,0.000049166667,-85.858750000000,17.408306959476,27.950000000000,28.040000000000,0.869000000000,-75.573487031700,2907.948126801150,0.000097333333,-52.158500000000,15.194228821856,22.445000000000,26.530000000000,4.930000000000,-71.388692579505,3890.551236749120,0.000097333333,-79.846500000000,20.154296552871
27.105000000000,28.380000000000,3.880000000000,-70.296774193548,3253.470967741940,0.005318666667,-73.601000000000,17.050201505635,30.110000000000,29.450000000000,2.093333333333,-69.512952855561,5511.893964562571,0.000000000000,-84.597000000000,15.818780405875,28.060000000000,28.390000000000,0.776000000000,-74.395480225989,6208.790960451980,0.000097333333,-38.780250000000,15.231206800178,23.260000000000,23.640000000000,2.580000000000,-70.271320011258,4624.977061638056,0.000146000000,-70.480000000000,19.714298388917
27.390000000000,27.290000000000,3.020000000000,-71.417624521073,3866.337164750960,0.002553333333,-84.022000000000,16.225493432829,28.390000000000,27.420000000000,2.965000000000,-70.807017543860,6548.315789473680,0.000295000000,-89.399500000000,16.712978545491,27.620000000000,24.030000000000,0.876666666667,-72.993197278912,3401.863945578230,0.000194666667,-39.362666666667,15.555426428713,23.270000000000,25.380000000000,4.705000000000,-69.912718204489,2524.673316708230,0.000194666667,-80.423000000000,19.733464185127
23.330000000000,22.530000000000,0.129250000000,-71.695523648649,8204.968750000000,0.010296363637,-87.303500000000,16.572638795903,21.730000000000,21.760000000000,3.966666666667,-69.119658119658,2868.358974358970,0.000098333333,-82.795500000000,14.878474028486,23.210000000000,11.620000000000,1.082666666667,-71.015873015873,4000.944444444440,0.000097333333,-39.943666666667,16.525049383316,19.580000000000,21.430000000000,4.895000000000,-66.961445783133,2428.250602409640,0.000097333333,-80.998000000000,16.639035308974
4.400000000000,10.440000000000,3.530000000000,-56.272727272727,2618.737662337660,0.001170666667,-72.403000000000,12.124243873154,7.420000000000,11.660000000000,0.588000000000,-62.129536679537,19580.565250965243,0.000098333334,-85.388750000000,13.446651123747,4.713333333333,8.295000000000,4.396666666667,-62.633074935401,2601.441860465120,0.000097333333,-29.221000000000,10.370091413081,3.420000000000,5.100000000000,4.750000000000,-62.684466019417,2444.019417475730,0.000194666667,-80.751000000000,10.511897214486
17.820000000000,18.550000000000,1.460000000000,-72.804195804196,7165.048951048950,0.001577333333,-83.667272727273,14.909595836300,16.790000000000,18.280000000000,1.057000000000,-68.352240896359,8805.228291316515,0.000261000000,-87.828000000000,10.229839360114,0.380000000000,7.820000000000,0.470000000000,-74.553784860558,4023.091633466140,0.000194666667,-48.239000000000,5.577272249220,19.230000000000,19.310000000000,1.976666666667,-65.635242929659,4177.895968484800,0.000097333333,-66.565666666667,13.284696189799
16.396666666667,19.010000000000,1.239000000000,-65.028169014084,6938.521126760560,0.003658666667,-80.436615384615,13.231064317970,19.600000000000,17.630000000000,0.282250000000,-71.783854166667,8384.865384615385,0.000537166666,-85.196000000000,10.903600926354,19.600000000000,23.040000000000,0.894000000000,-73.655948553055,3234.855305466240,0.000194666667,-34.477000000000,15.809674105686,19.295000000000,20.700000000000,4.870000000000,-64.137349397590,2425.836144578310,0.000097333333,-62.374000000000,10.984608559846
14.630000000000,15.210000000000,4.280000000000,-63.608695652174,2571.779264214050,0.014713696970,-77.916000000000,13.039545430423,13.140000000000,18.870000000000,3.975000000000,-71.000000000000,21786.040816326498,0.000586333333,-85.070666666667,11.617767840288,17.350000000000,16.360000000000,1.345000000000,-72.142028985507,2914.707246376810,0.000097333333,-34.587000000000,14.802663517711,14.750000000000,14.630000000000,4.585000000000,-63.958115183246,2544.157068062830,0.000097333333,-81.227000000000,11.923253920592
4.270000000000,6.860000000000,4.420000000000,-56.147286821705,2540.728682170540,0.017454848485,-69.204000000000,10.209142304844,7.010000000000,8.440000000000,1.080000000000,-63.081447963801,4464.398190045250,0.000278000000,-86.061571428571,7.290292086826,6.790000000000,9.460000000000,3.790000000000,-63.425770308123,2821.047619047620,0.000194666667,-52.813000000000,13.072979775277,11.210000000000,16.310000000000,4.820000000000,-66.132850241546,2436.038647343000,0.000097333333,-77.976000000000,12.866175080626
5.890000000000,6.320000000000,4.530000000000,-53.813471502591,2606.554404145080,0.003170666667,-77.996000000000,10.162751934269,7.080000000000,6.220000000000,0.438833333333,-57.054054054054,2303.189189189190,0.000637333333,-81.113857142857,7.416972188905,2.940000000000,1.610000000000,4.560000000000,-62.509868421053,3300.750000000000,0.000097333333,-65.162000000000,12.211528312640,9.480000000000,9.440000000000,1.225000000000,-64.200000000000,4878.247619047620,0.000097333333,-79.437500000000,10.436708461459
23.080000000000,22.010000000000,2.375000000000,-77.517857142857,2727.428571428570,0.012513575758,-80.450000000000,31.531267494355,28.360000000000,27.530000000000,1.690000000000,-71.884615384615,5023.863247863250,0.000098333333,-87.263250000000,11.198032166284,25.130000000000,26.250000000000,2.000000000000,-72.095744680851,3573.156028368790,0.000194666667,-35.873000000000,12.990791539876,30.710000000000,30.380000000000,4.325000000000,-65.827027027027,2724.681081081080,0.000194666667,-66.631000000000,15.471881836650
24.175000000000,23.650000000000,4.385000000000,-76.580474934037,2647.192612137200,0.004964242424,-85.078000000000,31.729885342260,30.530000000000,30.290000000000,3.820000000000,-69.996078431373,2865.717647058820,0.000179666667,-86.897500000000,14.412949999839,26.440000000000,26.120000000000,1.425000000000,-69.804154302671,2991.531157270030,0.000194666667,-33.040333333333,12.504314496941,31.060000000000,32.060000000000,3.730000000000,-66.219576719577,2661.634920634920,0.000194666667,-78.112500000000,14.733795121142
28.320000000000,28.110000000000,4.610000000000,-64.057788944724,2533.517587939700,0.004244000000,-75.882000000000,10.471147454447,31.700000000000,30.140000000000,1.470000000000,-72.585034013605,5768.993197278910,0.000162666667,-87.757142857143,14.935832668005,27.740000000000,27.620000000000,1.260000000000,-72.454828660436,3120.311526479750,0.000000000000,-48.599500000000,12.920276675363,31.350000000000,17.620000000000,4.620000000000,-80.397094430993,2431.496368038740,0.000097333333,-78.605000000000,32.505026847941
26.455000000000,24.740000000000,4.115000000000,-76.802777777778,2802.744444444440,0.002247000000,-85.242500000000,33.290509704477,30.280000000000,30.410000000000,0.635000000000,-68.943037974684,7065.936708860760,0.000423666667,-88.650285714286,13.503093074161,27.590000000000,27.980000000000,1.270000000000,-71.967948717949,2942.467948717950,0.000097333333,-53.054000000000,12.971724386102,31.290000000000,32.740000000000,4.835000000000,-66.113924050633,6954.506329113920,0.000097333333,-61.543000000000,13.214046864860
29.500000000000,29.910000000000,4.445000000000,-63.373737373737,2541.686868686870,0.005936000000,-72.746000000000,10.981330550653,30.450000000000,30.550000000000,0.717500000000,-68.166666666667,8693.666666666670,0.001301333333,-88.193833333333,13.549671663926,27.075000000000,27.140000000000,1.250000000000,-71.659649122807,3528.722807017540,0.000194666667,-33.976500000000,12.762926544517,30.770000000000,30.570000000000,4.835000000000,-66.207894736842,2411.121052631580,0.000194666667,-77.749600000000,13.155338715314
25.740000000000,26.040000000000,2.505000000000,-76.638513513514,2939.993243243240,0.012278666667,-86.271600000000,33.131833186974,29.250000000000,30.850000000000,1.884666666667,-69.462264150943,7054.037735849060,0.000847333333,-86.861250000000,12.913657056036,26.475000000000,25.640000000000,0.917000000000,-72.600000000000,3570.807142857140,0.000178666667,-44.951000000000,12.622522281203,29.230000000000,28.760000000000,4.845000000000,-66.127358490566,5181.698113207550,0.000097333333,-65.898000000000,13.216090116198
22.690000000000,24.880000000000,1.796666666667,-58.495934959350,2664.065040650410,0.020980666667,-82.614750000000,8.958184600752,22.350000000000,24.800000000000,4.210000000000,-65.614285714286,2871.937142857140,0.000434000000,-90.171500000000,10.351848725056,18.435000000000,19.760000000000,1.955000000000,-71.287439613527,2429.038647343000,0.000097333333,-46.528500000000,10.255761643701,22.040000000000,30.090000000000,3.115000000000,-77.061881188119,2494.861386138610,0.000194666667,-77.012333333333,56.719487874255
11.860000000000,9.340000000000,4.190000000000,-59.824175824176,6251.318681318680,0.031236333333,-81.131600000000,8.687851856580,11.250000000000,12.290000000000,0.882000000000,-69.647058823529,13214.764705882400,0.000379666667,-89.119833333333,10.581449605837,16.600000000000,14.240000000000,0.765000000000,-68.502923976608,8410.116959064329,0.000000000000,-50.568500000000,9.858404627826,13.305000000000,39.370000000000,4.080000000000,-85.752293577982,3083.529051987770,0.000194666667,-48.204000000000,27.916684088228
15.450000000000,12.260000000000,4.140000000000,-59.090592334495,2677.317073170730,0.017983030303,-82.764571428571,10.863491979491,20.710000000000,19.610000000000,1.585000000000,-66.652173913043,4566.973913043480,0.000742333333,-88.466571428571,11.547442428506,21.510000000000,17.760000000000,0.482000000000,-74.882113821138,4085.081300813010,0.000194666667,-56.250500000000,13.391987669156,16.840000000000,14.360000000000,4.370000000000,-64.812865497076,2667.000000000000,0.000178666667,-70.829000000000,9.203007786802
16.680000000000,15.410000000000,4.220000000000,-60.578666666667,2684.853333333330,0.014319696970,-70.524000000000,11.116555649181,17.900000000000,12.080000000000,2.190000000000,-68.297297297297,6670.648648648650,0.000905000000,-83.804800000000,14.308911169590,22.890000000000,24.310000000000,0.659000000000,-73.259911894273,4445.612334801760,0.000194666667,-50.863500000000,14.835157838028,18.710000000000,16.450000000000,4.560000000000,-64.521739130435,2573.161125319690,0.000194666667,-79.901000000000,12.675178614937
20.050000000000,18.790000000000,2.280666666667,-60.118110236221,4524.692913385830,0.021382666667,-74.748571428571,12.547427995145,21.670000000000,21.340000000000,0.894000000000,-65.777777777778,14457.301587301599,0.000830333333,-87.626000000000,14.431048495786,24.280000000000,23.950000000000,0.797000000000,-73.858695652174,3611.797101449280,0.000178666667,-48.360000000000,14.679939324280,22.390000000000,20.540000000000,3.835000000000,-65.354005167959,2600.599483204130,0.000292000000,-71.465000000000,13.216771129782
20.950000000000,24.200000000000,4.530000000000,-60.528061224490,2565.030612244900,0.009227333333,-70.606000000000,10.208260648267,20.390000000000,16.240000000000,0.437833333333,-70.684210526316,11728.210526315799,0.000821833333,-86.936000000000,18.052994098616,22.870000000000,21.740000000000,1.153500000000,-72.488700564972,2844.180790960450,0.000097333333,-33.904500000000,14.956608463593,21.900000000000,19.280000000000,3.095000000000,-66.621212121212,5086.292929292930,0.000178666667,-72.824000000000,13.970266055645
21.720000000000,21.150000000000,4.280000000000,-66.028776978417,3954.115107913670,0.012662666667,-87.189000000000,11.836124924694,21.190000000000,19.570000000000,1.279400000000,-65.658045977011,6339.145795523275,0.000862500000,-83.855666666667,14.957511104445,21.030000000000,19.705000000000,0.494000000000,-75.986842105263,3317.164473684210,0.000097333333,-41.948333333333,14.922870803857,19.515000000000,18.780000000000,4.685000000000,-66.431372549020,2466.352941176470,0.000097333333,-34.995000000000,11.882041998608
12.020000000000,12.990000000000,4.095000000000,-60.000000000000,2731.777777777780,0.012473333333,-70.515000000000,12.040064823286,15.670000000000,18.550000000000,1.733333333333,-69.565408388521,4068.968344370860,0.000871000000,-89.045000000000,14.509111049761,14.370000000000,12.675000000000,0.800000000000,-74.383900928793,2827.510835913310,0.000000000000,-61.680000000000,13.692401101266,15.310000000000,16.860000000000,4.455000000000,-65.989304812834,2695.165775401070,0.000194666667,-60.662000000000,10.332267245423
10.230000000000,7.250000000000,3.810000000000,-66.437500000000,2770.416666666670,0.017761333333,-83.363750000000,10.165408515659,9.940000000000,7.370000000000,0.599500000000,-64.035851063830,3922.829574468085,0.000862500000,-88.938166666667,12.072166742758,10.510000000000,6.520000000000,4.360000000000,-63.044973544974,2655.058201058200,0.000097333333,-49.415000000000,12.697172448447,13.090000000000,5.720000000000,4.400000000000,-71.051724137931,2481.532019704430,0.000097333333,-80.491000000000,12.711341822846
13.820000000000,10.440000000000,3.940000000000,-65.352617079890,2775.030303030300,0.005573696970,-74.677000000000,13.573564128598,14.640000000000,13.310000000000,1.560000000000,-69.125000000000,6486.642857142860,0.000650666667,-89.623000000000,12.780544684022,13.700000000000,11.580000000000,2.070000000000,-58.972307692308,6768.873846153850,0.001960000000,-46.409000000000,14.505078285208,13.600000000000,10.480000000000,4.845000000000,-65.493946731235,2442.334140435840,0.000194666667,-81.019000000000,11.475117490174
21.915000000000,19.730000000000,4.305000000000,-65.554123711340,2592.762886597940,0.015526666667,-84.347000000000,14.772535019699,23.396666666667,21.240000000000,2.416666666667,-65.150266232423,3134.698226840360,0.000245833334,-61.371500000000,13.148495173929,25.380000000000,24.730000000000,0.870000000000,-74.238095238095,2817.439775910360,0.000194666667,-32.908500000000,15.217313621550,22.530000000000,27.090000000000,4.550000000000,-71.745205479452,2806.115068493150,0.000097333333,-81.266000000000,31.592009624359
10.190000000000,10.760000000000,1.380000000000,-63.757668711656,2601.957055214720,0.012958666667,-73.271571428571,12.876314600857,25.500000000000,23.490000000000,0.297833333333,-68.330645161290,8454.258064516131,0.000295000000,-89.505000000000,14.111611690462,25.480000000000,25.910000000000,0.753000000000,-73.955112219451,2512.748129675810,0.000000000000,-43.517000000000,14.628038912953,26.520000000000,25.620000000000,4.370000000000,-65.383561643836,2765.956164383560,0.000194666667,-80.105000000000,14.382630931965
14.870000000000,17.230000000000,4.445000000000,-60.514285714286,3130.880000000000,0.010285696970,-70.520000000000,11.742985755247,25.190000000000,25.900000000000,1.872000000000,-65.264580369844,15886.995732574695,0.000049166667,-85.161500000000,13.773670134649,25.620000000000,25.560000000000,0.627333333333,-73.530516431925,4740.234741784040,0.000129333333,-43.953000000000,14.612032468542,25.620000000000,23.240000000000,4.610000000000,-65.486005089058,2563.669211195930,0.000097333333,-57.120500000000,15.465481403883
20.310000000000,18.970000000000,4.470000000000,-60.101265822785,2550.703797468350,0.002440000000,-72.575500000000,12.366796872991,23.810000000000,23.900000000000,2.550000000000,-67.566666666667,6600.400000000000,0.000098333333,-87.390571428571,13.096367392624,25.160000000000,24.990000000000,0.623500000000,-72.304029304029,3704.468864468860,0.000178666667,-54.384666666667,14.841223650866,28.590000000000,28.190000000000,4.200000000000,-65.543175487465,2801.426183844010,0.000194666667,-79.582000000000,15.186229753746
24.190000000000,20.640000000000,1.615000000000,-64.910112359551,2604.016853932580,0.003660000000,-81.950800000000,14.717597919696,28.290000000000,29.230000000000,2.090000000000,-70.380112098956,6383.455005798225,0.000147500000,-82.512500000000,16.641198892016,25.590000000000,26.250000000000,1.046500000000,-66.374358974359,5118.194871794870,0.000097333333,-45.124666666667,15.067526246399,29.260000000000,28.440000000000,4.845000000000,-65.822289156626,3304.192771084340,0.000097333333,-71.944000000000,15.489324120010
24.110000000000,24.150000000000,3.385000000000,-65.840625000000,3145.443750000000,0.002228000000,-72.820500000000,15.043015008470,23.920000000000,21.560000000000,2.940000000000,-69.975177304965,3559.056737588650,0.000098333333,-84.697500000000,13.519080955132,25.300000000000,24.530000000000,0.694000000000,-73.442211055276,5065.939698492460,0.000097333333,-42.541250000000,14.907784697569,23.270000000000,25.380000000000,4.705000000000,-69.912718204489,2524.673316708230,0.000194666667,-80.423000000000,19.733464185127
22.220000000000,21.880000000000,0.298000000000,-65.400000000000,192684.399999999994,0.004749333333,-82.775000000000,16.449987863324,25.230000000000,25.340000000000,3.140000000000,-72.092526690391,3590.540925266900,0.000196666667,-80.775500000000,13.724572986416,23.430000000000,18.986666666667,0.715000000000,-70.636363636364,5742.511363636360,0.000048000000,-33.759250000000,14.861828895961,26.540000000000,23.850000000000,4.700000000000,-66.938574938575,2476.668304668300,0.000194666667,-80.058000000000,17.445493203152
5.630000000000,5.170000000000,1.187000000000,-60.386363636364,4369.954545454550,0.011270666667,-84.592000000000,12.398778768549,8.180000000000,6.800000000000,2.350000000000,-63.442592592593,3682.727685185185,0.000098333334,-83.916750000000,12.162785398501,6.840000000000,2.230000000000,2.000000000000,-59.621621621622,2618.310810810810,0.000601333333,-61.511000000000,11.401149699946,8.770000000000,6.650000000000,4.410000000000,-69.374331550802,2693.909090909090,0.000097333333,-81.649000000000,12.317206970017
17.840000000000,16.280000000000,2.355000000000,-69.316239316239,3443.401709401710,0.000000000000,-82.882100000000,15.192451615133,16.760000000000,18.040000000000,3.635000000000,-71.329608938547,2811.916201117320,0.000000000000,-79.751666666667,10.537125633046,16.070000000000,17.750000000000,0.693500000000,-74.209302325581,3907.046511627910,0.000097333333,-54.577500000000,14.176201887916,19.230000000000,19.310000000000,1.976666666667,-65.635242929659,4177.895968484800,0.000097333333,-66.565666666667,13.284696189799
16.396666666667,19.010000000000,1.239000000000,-65.028169014084,6938.521126760560,0.003658666667,-80.436615384615,13.231064317970,19.600000000000,17.630000000000,0.282250000000,-71.783854166667,8384.865384615385,0.000537166666,-85.196000000000,10.903600926354,12.880000000000,12.220000000000,3.330000000000,-66.052980132450,3639.569536423840,0.000097333333,-45.845666666667,10.891625070037,19.295000000000,20.700000000000,4.870000000000,-64.137349397590,2425.836144578310,0.000097333333,-62.374000000000,10.984608559846
21.590000000000,23.240000000000,1.490000000000,-65.319148936170,10750.127659574500,0.005545333333,-78.753428571429,14.430424787585,19.250000000000,18.710000000000,3.705000000000,-69.277397260274,3450.363013698630,0.000359333333,-82.714000000000,11.045483690763,10.330000000000,5.960000000000,2.650000000000,-67.932249322493,2729.691056910570,0.000097333333,-63.849000000000,10.920509900258,23.070000000000,22.830000000000,4.670000000000,-65.440806045340,2538.921914357680,0.000194666667,-83.060000000000,13.300269885218
14.055000000000,16.280000000000,2.105000000000,-65.546012269939,5965.595092024540,0.007106666667,-78.520714285714,11.790029024953,19.250000000000,18.710000000000,3.705000000000,-69.277397260274,3450.363013698630,0.000359333333,-82.714000000000,11.045483690763,8.460000000000,5.130000000000,1.775000000000,-70.704918032787,3319.862295081970,0.000000000000,-36.445000000000,11.833463113198,23.070000000000,22.830000000000,4.670000000000,-65.440806045340,2538.921914357680,0.000194666667,-83.060000000000,13.300269885218
22.150000000000,22.520000000000,2.575000000000,-68.887500000000,5475.450000000000,0.010370000000,-80.650500000000,13.981858036112,20.410000000000,17.990000000000,3.530000000000,-69.692771084337,6002.722891566270,0.000440666667,-87.358000000000,11.307611606608,5.480000000000,5.340000000000,1.730000000000,-66.980392156863,3879.560784313730,0.000194666667,-47.370333333333,11.754859934532,23.070000000000,22.830000000000,4.670000000000,-65.440806045340,2538.921914357680,0.000194666667,-83.060000000000,13.300269885218
