0,163010,0,0,0,-51,0,1,0,0.000000000000
163008.00,163011,000.00,3250.77066,09646.74702,-51.5389830508475,0,295,2631.66779661017,0.003909666667
163009.00,163012,000.00,3250.77066,09646.74704,-51.0883116883117,0,385,2612.02597402597,0.001964333333
163010.00,163013,000.00,3250.77065,09646.74704,-51.2796833773087,0,379,2661.01846965699,0.003801000000
163011.00,163014,000.00,3250.77063,09646.74703,-51.7743732590529,0,359,2803.18662952646,0.005943000000
163012.00,163015,000.00,3250.77061,09646.74702,-51.7479452054795,0,365,2764.23561643836,0.003757333333
163013.00,163016,000.00,3250.77058,09646.74702,-51.5609756097561,0,369,2728.51490514905,0.001170666667
163014.00,163017,000.00,3250.77056,09646.74702,-52.6155988857939,0,359,2802.49025069638,0.001673333333
163015.00,163018,000.00,3250.77055,09646.74702,-50.7793296089385,0,358,2826.92737430168,0.002383666667
163016.00,163019,000.00,3250.77053,09646.74704,-52.2247191011236,0,356,2818.17415730337,0.002146666667
163017.00,163020,000.00,3250.77054,09646.74706,-52.0303867403315,0,362,2785.88397790055,0.002894666667
163018.00,163021,000.00,3250.77054,09646.74706,-52.5693641618497,0,346,3189.21965317919,0.001679666667
163019.00,163022,000.00,3250.77056,09646.74707,-53.0532915360502,0,319,2865.39811912226,0.001073333333
163020.00,163023,000.00,3250.77057,09646.74707,-54.1949685534591,0,318,3168.39622641509,0.002065333333
163021.00,163024,000.00,3250.77057,09646.74706,-53.3064516129032,0,310,3241.09032258065,0.004017333333
163022.00,163025,000.00,3250.77057,09646.74706,-55.3374233128834,0,326,3086.9018404908,0.002175000000
163023.00,163026,000.00,3250.77055,09646.74706,-52.7411764705882,0,340,2964.83529411765,0.001902666667
163025.00,163027,000.00,3250.77048,09646.74704,-55.25,0,360,2796.95,0.001788000000
163025.00,163028,000.30,3250.77048,09646.74704,-55.0027700831025,0,361,2792.10526315789,0.000341333333
163026.00,163029,001.84,3250.77022,09646.74701,-56.7240506329114,0,395,2550.72911392405,0.003488666667
163027.00,163030,002.94,3250.76978,09646.74706,-61.3846153846154,0,325,3099.95076923077,0.004736333333
163028.00,163031,005.10,3250.76902,09646.74704,-62.6424870466321,0,386,2608.45077720207,0.001901000000
163029.00,163032,009.14,3250.76765,09646.74693,-64.910941475827,0,393,2564.81424936387,0.006038666667
163030.00,163033,010.45,3250.76609,09646.74686,-66.7317073170732,0,287,3506.57142857143,0.008148000000
163031.00,163034,011.17,3250.76446,09646.74682,-71.7513812154696,0,181,5569.62430939226,0.013805333333
163032.00,163035,010.24,3250.76297,09646.74666,-68.6640211640212,0,378,2662.87830687831,0.005253333333
163034.00,163036,013.21,3250.75884,09646.74630,-69.7512953367876,0,386,2613.70984455959,0.006647030303
163035.00,163037,014.61,3250.75678,09646.74617,-70.5040650406504,0,369,2720.69918699187,0.012226000000
163036.00,163038,013.94,3250.75471,09646.74606,-68.2205128205128,0,390,2583.95384615385,0.007167030303
163037.00,163039,014.03,3250.75260,09646.74606,-63.0153846153846,0,390,2581.92307692308,0.012224000000
163038.00,163040,014.37,3250.75072,09646.74616,-63.8126582278481,0,395,2546.51139240506,0.012591333333
163039.00,163041,012.82,3250.74863,09646.74620,-62.4260651629073,0,399,2528.72180451128,0.012610000000
163040.00,163042,014.09,3250.74658,09646.74623,-63.0862944162437,0,394,2554.54822335025,0.015008000000
163041.00,163043,013.90,3250.74448,09646.74630,-64.0987341772152,0,395,2552.89620253165,0.013363000000
163042.00,163044,014.03,3250.74245,09646.74628,-63.5126262626263,0,396,2544.32323232323,0.012555030303
163043.00,163045,013.69,3250.74115,09646.74625,-63.065,0,400,2515.39,0.012549666667
163044.00,163046,003.53,3250.74063,09646.74624,-58.5125628140703,0,398,2532.34673366834,0.008454666667
163045.00,163047,003.86,3250.74011,09646.74631,-55.6190476190476,0,231,4753.1948051948,0.004325333333
163046.00,163048,005.22,3250.73936,09646.74645,-53.5276243093923,0,362,2535.58011049724,0.005934666667
163047.00,163049,006.16,3250.73856,09646.74690,-56.9664948453608,0,388,2592.76288659794,0.009094666667
163048.00,163050,006.20,3250.73799,09646.74766,-57.6190476190476,0,252,2555.29365079365,0.011009333333
163049.00,163051,007.54,3250.73756,09646.74880,-58.0414507772021,0,193,2518.93264248705,0.012293333333
163050.00,163052,010.59,3250.73728,09646.75057,-61.0111111111111,0,270,2534.77037037037,0.009529333333
163051.00,163053,013.14,3250.73730,09646.75281,-70.2918918918919,0,185,2618.63783783784,0.015534666667
163052.00,163054,015.10,3250.73745,09646.75542,-68.6015625,0,384,2605.046875,0.007128000000
163053.00,163055,016.55,3250.73757,09646.75829,-66.0779220779221,0,385,2596.32207792208,0.010231333333
163054.00,163056,017.44,3250.73774,09646.76131,-69.0708860759494,0,395,2549.92911392405,0.006113333333
163055.00,163057,018.45,3250.73799,09646.76452,-69.070351758794,0,398,2530.36683417085,0.004845333333
163056.00,163058,018.95,3250.73814,09646.76781,-73.9148936170213,0,282,2568.43971631206,0.010309333333
163057.00,163059,020.02,3250.73822,09646.77130,-76.8515625,0,128,4490.921875,0.018466181818
163058.00,163100,020.29,3250.73827,09646.77483,-76.9023668639053,0,338,2723.62721893491,0.010078464646
163059.00,163101,020.74,3250.73836,09646.77844,-75.8798882681564,0,358,2806.91620111732,0.007910303030
163100.00,163102,021.54,3250.73838,09646.78221,-75.8936781609195,0,348,2894.7816091954,0.005926060606
163101.00,163103,022.75,3250.73835,09646.78616,-75.8147138964578,0,367,2746.58310626703,0.002507595960
163102.00,163104,023.13,3250.73838,09646.79019,-76.9307479224377,0,361,2654.99168975069,0.004914303030
163103.00,163105,023.08,3250.73840,09646.79422,-77.5178571428571,0,56,2727.42857142857,0.012513575758
163104.00,163106,023.85,3250.73843,09646.79839,-76.6657894736842,0,380,2664.33684210526,0.003208848485
163105.00,163107,024.50,3250.73838,09646.80266,-76.5804749340369,0,379,2647.1926121372,0.004964242424
163106.00,163108,025.61,3250.73839,09646.80713,-76.2659574468085,0,376,2675.65425531915,0.001330666667
163107.00,163109,025.31,3250.73846,09646.81156,-77.023178807947,0,302,2650.61589403973,0.007810878788
163108.00,163110,026.21,3250.73844,09646.81615,-76.620320855615,0,187,2632.07486631016,0.022111515152
163109.00,163111,026.75,3250.73845,09646.82084,-76.7826086956522,0,368,2733.65760869565,0.002154060606
163110.00,163112,026.16,3250.73842,09646.82542,-76.8027777777778,0,360,2802.74444444444,0.002247000000
163111.00,163113,025.75,3250.73840,09646.82994,-76.4059945504087,0,367,2736.66485013624,0.003374000000
163112.00,163114,025.73,3250.73830,09646.83446,-76.6385135135135,0,296,2939.99324324324,0.012278666667
163113.00,163115,025.11,3250.73832,09646.83888,-76.7123287671233,0,146,3324.2602739726,0.012474666667
163114.00,163116,023.95,3250.73831,09646.84309,-77.2902298850575,0,348,2898.27011494253,0.006082666667
163115.00,163117,021.07,3250.73836,09646.84680,-75.0337423312883,0,326,2746.37423312883,0.007082060606
163116.00,163118,016.58,3250.73854,09646.84968,-69.8817204301075,0,186,2679.98924731183,0.018746666667
163117.00,163119,011.25,3250.73899,09646.85161,-66.3173333333333,0,375,2680.736,0.015108000000
163118.00,163120,009.93,3250.73971,09646.85320,-61.2137203166227,0,379,2662.7598944591,0.014034282828
163119.00,163121,009.63,3250.74088,09646.85431,-65.9973190348526,0,373,2699.18498659517,0.014457333333
163120.00,163122,009.56,3250.74230,09646.85479,-64.3440860215054,0,372,2701.08602150538,0.012930666667
163121.00,163123,009.91,3250.74381,09646.85491,-61.3699731903485,0,373,2701.41554959786,0.018537333333
163122.00,163124,012.13,3250.74562,09646.85489,-63.8540540540541,0,370,2723.12432432432,0.012085333333
163123.00,163125,013.06,3250.74756,09646.85471,-58.4241573033708,0,356,2680.6797752809,0.014882424242
163124.00,163126,013.80,3250.74959,09646.85449,-56.4535519125683,0,183,2684.26229508197,0.018170787879
163125.00,163127,014.12,3250.75167,09646.85417,-59.0132275132275,0,378,2665.92592592593,0.011970363636
163126.00,163128,015.51,3250.75395,09646.85397,-58.8186813186813,0,182,6038.18681318681,0.005985333333
163127.00,163129,015.94,3250.75631,09646.85385,-59.8205882352941,0,340,2695.49411764706,0.017468000000
163128.00,163130,017.80,3250.75896,09646.85379,-61.9946949602122,0,377,2673.40053050398,0.014002666667
163129.00,163131,019.24,3250.76182,09646.85367,-63.0537634408602,0,372,2705.1935483871,0.016228333333
163130.00,163132,020.65,3250.76490,09646.85365,-64.7822580645161,0,372,2714.20430107527,0.013286333333
163131.00,163133,023.00,3250.76833,09646.85357,-64.1894736842105,0,190,2615.85263157895,0.016107333333
163132.00,163134,022.19,3250.77164,09646.85349,-64.2427440633245,0,379,2655.65171503958,0.009873333333
163133.00,163135,021.90,3250.77493,09646.85343,-63.4244031830239,0,377,2671.20424403183,0.009497333333
163134.00,163136,023.51,3250.77851,09646.85343,-64.3246073298429,0,382,2638.20418848168,0.006509666667
163135.00,163137,022.59,3250.78190,09646.85332,-64.3411458333333,0,384,2619.18229166667,0.010981666667
163136.00,163138,020.85,3250.78498,09646.85330,-66.0287769784173,0,278,3954.11510791367,0.012662666667
163137.00,163139,019.83,3250.78800,09646.85327,-64.0985507246377,0,345,2655.67536231884,0.009508444444
163138.00,163140,016.37,3250.79047,09646.85289,-66.3076923076923,0,91,2609.01098901099,0.027516000000
163139.00,163141,016.40,3250.79296,09646.85287,-59.8544891640867,0,323,2728.4520123839,0.015708000000
163140.00,163142,011.67,3250.79470,09646.85270,-60.3062827225131,0,382,2633.92146596859,0.005621333333
163141.00,163143,005.23,3250.79548,09646.85259,-55.7484076433121,0,314,3492.42675159236,0.004634666667
163142.00,163144,003.98,3250.79604,09646.85248,-56.7586206896552,0,174,5278.32183908046,0.020160000000
163143.00,163145,004.94,3250.79673,09646.85209,-58.0596590909091,0,352,2874.63068181818,0.006157696970
163144.00,163146,008.85,3250.79777,09646.85107,-62.9335180055402,0,361,2776.02216066482,0.008693696970
163145.00,163147,009.21,3250.79832,09646.84957,-65.038567493113,0,363,2779.7520661157,0.008508666667
163146.00,163148,010.79,3250.79831,09646.84764,-65.6608695652174,0,345,3185.12463768116,0.006178666667
163147.00,163149,013.02,3250.79817,09646.84536,-68.1733746130031,0,323,2827.00309597523,0.008932666667
163148.00,163150,014.75,3250.79801,09646.84281,-63.4190981432361,0,377,2672.59946949602,0.004666666667
163149.00,163151,015.65,3250.79798,09646.84009,-64.4906666666667,0,375,2919.83466666667,0.004261333333
163150.00,163152,016.53,3250.79790,09646.83718,-64.6442577030812,0,357,2569.01400560224,0.005317333333
163151.00,163153,017.45,3250.79797,09646.83410,-62.4074074074074,0,243,4145.62962962963,0.020001333333
163152.00,163154,018.48,3250.79811,09646.83081,-64.0472440944882,0,381,2644.17847769029,0.013716666667
163153.00,163155,020.18,3250.79825,09646.82725,-64.930412371134,0,388,2600.42783505155,0.008957333333
163154.00,163156,021.09,3250.79837,09646.82353,-65.0979381443299,0,388,2594.62886597938,0.011880363636
163155.00,163157,022.74,3250.79855,09646.81951,-65.5541237113402,0,388,2592.76288659794,0.015526666667
163156.00,163158,023.38,3250.79871,09646.81539,-64.648,0,250,4030.464,0.015980060606
163157.00,163159,024.44,3250.79884,09646.81109,-65.4427083333333,0,384,2624.33333333333,0.013722666667
163158.00,163200,024.66,3250.79880,09646.80673,-65.2429667519182,0,391,2578.70588235294,0.005783333333
163159.00,163201,026.17,3250.79883,09646.80206,-66.2704081632653,0,392,2565.95408163265,0.001446666667
163200.00,163202,026.70,3250.79864,09646.79736,-65.7947368421053,0,380,2651.78421052632,0.002878666667
163201.00,163203,026.57,3250.79857,09646.79265,-68.1402597402597,0,385,2609.57402597403,0.003138666667
163202.00,163204,027.64,3250.79847,09646.78775,-70.2967741935484,0,310,3253.47096774194,0.005318666667
163203.00,163205,028.05,3250.79851,09646.78276,-71.3219814241486,0,323,3121.2693498452,0.002634666667
163204.00,163206,028.23,3250.79860,09646.77778,-71.9350180505415,0,277,3620.84476534296,0.002146666667
163205.00,163207,027.39,3250.79871,09646.77292,-71.4176245210728,0,261,3866.33716475096,0.002553333333
163207.00,163208,024.90,3250.79887,09646.76387,-72,0,26,17484.6153846154,0.004414060606
163208.00,163209,024.55,3250.79882,09646.75955,-72.2972972972973,0,37,21824.6486486487,0.017849969697
163209.00,163210,023.33,3250.79879,09646.75543,-72.2972972972973,0,0,0,0.008231636364
163209.00,163211,023.33,3250.79879,09646.75543,-71.09375,0,32,16409.9375,0.012361090909
163211.00,163212,016.01,3250.79860,09646.74872,-69.6981132075472,0,53,17879.8867924528,0.003480000000
163211.00,163213,016.01,3250.79860,09646.74872,-63.4503816793893,0,262,3020.87786259542,0.002960000000
163212.00,163214,008.01,3250.79862,09646.74725,-61.8275862068966,0,145,6943.9724137931,0.005252000000
163213.00,163215,004.40,3250.79858,09646.74642,-56.2727272727273,0,385,2618.73766233766,0.001170666667
163215.00,163216,006.43,3250.79764,09646.74403,-58.1428571428571,0,112,8998.28571428571,0.007594666667
163216.00,163217,008.55,3250.79631,09646.74304,-60.2947976878613,0,346,2905.82080924855,0.002972666667
163217.00,163218,010.48,3250.79445,09646.74279,-63.1629392971246,0,313,3219.64856230032,0.003626666667
163218.00,163219,012.63,3250.79222,09646.74290,-63.1527377521614,0,347,2908.56484149856,0.001170666667
163219.00,163220,016.57,3250.78976,09646.74304,-66.4516129032258,0,310,3189.2064516129,0.001593333333
163220.00,163221,016.57,3250.78712,09646.74312,-69.3162393162393,0,234,3443.40170940171,0.000000000000
163221.00,163222,018.72,3250.78434,09646.74320,-71.9014084507042,0,142,7332.92957746479,0.002976000000
163222.00,163223,018.72,3250.78124,09646.74318,-68.2947368421053,0,95,10153.3473684211,0.002472000000
163223.00,163224,021.59,3250.77800,09646.74328,-65.3191489361702,0,94,10750.1276595745,0.005545333333
163224.00,163225,024.42,3250.77428,09646.74321,-66.3945945945946,0,185,5454.96216216216,0.005545333333
163225.00,163226,021.68,3250.77104,09646.74315,-64.1715328467153,0,274,3654.69343065693,0.006893333333
163226.00,163227,022.65,3250.76763,09646.74325,-62.1377245508982,0,167,6562.10778443114,0.006306666667
163227.00,163228,022.54,3250.76420,09646.74328,-62.1530054644809,0,366,2503.32786885246,0.004480666667
163228.00,163229,023.91,3250.76061,09646.74320,-61.9346733668342,0,398,2529.45226130653,0.009801696970
163229.00,163230,022.70,3250.75722,09646.74329,-61.2214285714286,0,280,3932.04285714286,0.006521333333
163230.00,163231,022.11,3250.75388,09646.74336,-61.0691823899371,0,318,2876.01886792453,0.012756363636
163231.00,163232,021.20,3250.75066,09646.74348,-61.4936386768448,0,393,2560.76844783715,0.015191000000
163232.00,163233,019.38,3250.74774,09646.74372,-62.7123287671233,0,365,2759.75342465753,0.012813666667
163233.00,163234,014.63,3250.74554,09646.74377,-63.6086956521739,0,299,2571.77926421405,0.014713696970
163234.00,163235,008.74,3250.74422,09646.74379,-60.9046153846154,0,325,2812.74461538462,0.011745000000
163235.00,163236,004.89,3250.74338,09646.74379,-59.5145118733509,0,379,2628.33773087071,0.016226666667
163236.00,163237,004.27,3250.74269,09646.74383,-56.1472868217054,0,387,2540.72868217054,0.017454848485
163237.00,163238,005.89,3250.74174,09646.74397,-53.8134715025907,0,386,2606.55440414508,0.003170666667
163238.00,163239,008.31,3250.74061,09646.74463,-58.0382352941176,0,340,3229.75294117647,0.004113333333
163239.00,163240,010.01,3250.73975,09646.74607,-60.7305555555556,0,360,2548.48888888889,0.008650666667
163240.00,163241,011.90,3250.73934,09646.74809,-62.632241813602,0,397,2536.20654911839,0.009414666667
163241.00,163242,014.46,3250.73935,09646.75059,-61.2964824120603,0,398,2532.9648241206,0.005133000000
163242.00,163243,016.21,3250.73925,09646.75340,-61.8728179551122,0,401,2511.18204488778,0.004097333333
163243.00,163244,019.67,3250.73938,09646.75683,-56.8860759493671,0,395,2551.36202531646,0.014325333333
163244.00,163245,021.50,3250.73961,09646.76057,-63.191435768262,0,397,2537.09823677582,0.010178666667
163245.00,163246,023.26,3250.73978,09646.76466,-63.9848101265823,0,395,2548,0.004780000000
163246.00,163247,026.46,3250.73994,09646.76932,-62.2544080604534,0,397,2542.18639798489,0.007446666667
163247.00,163248,026.88,3250.73982,09646.77402,-62.9846547314578,0,391,2551.14578005115,0.008993333333
163248.00,163249,027.75,3250.73961,09646.77889,-61.3803526448363,0,397,2537.6523929471,0.005362666667
163249.00,163250,028.70,3250.73972,09646.78394,-59.9378109452736,0,402,2506.41791044776,0.000438666667
163250.00,163251,029.48,3250.73992,09646.78910,-60.1629072681704,0,399,2519.27819548872,0.000926666667
163251.00,163252,029.89,3250.74009,09646.79435,-60.93,0,400,2518.935,0.001073333333
163252.00,163253,030.34,3250.74018,09646.79966,-62.3697270471464,0,403,2500.18362282878,0.002693515152
163253.00,163254,030.66,3250.74022,09646.80504,-63.0275,0,400,2521.175,0.002861333333
163254.00,163255,030.45,3250.74018,09646.81039,-60.974293059126,0,389,2594.93059125964,0.003900666667
163255.00,163256,031.39,3250.74013,09646.81592,-62.8142493638677,0,393,2559.32824427481,0.004427000000
163256.00,163257,031.49,3250.74017,09646.82146,-62.4,0,400,2518.045,0.004586666667
163257.00,163258,031.47,3250.74020,09646.82702,-61.7033248081841,0,391,2574.86956521739,0.006586666667
163258.00,163259,030.41,3250.74012,09646.83237,-62.1297709923664,0,393,2563.26717557252,0.008765333333
163259.00,163300,029.41,3250.74008,09646.83757,-63.5398936170213,0,376,2678.72340425532,0.010846666667
163300.00,163301,026.94,3250.73999,09646.84233,-61.9267015706806,0,382,2638.0890052356,0.008656666667
163301.00,163302,022.69,3250.73995,09646.84636,-58.4959349593496,0,246,2664.06504065041,0.020980666667
163302.00,163303,017.11,3250.74031,09646.84934,-52.9719626168224,0,107,2675.47663551402,0.013740060606
163303.00,163304,011.99,3250.74091,09646.85135,-52.8844444444444,0,225,2677.74222222222,0.018142000000
163304.00,163305,010.10,3250.74187,09646.85274,-58.1827956989247,0,186,2604.16129032258,0.020050909091
163305.00,163306,010.41,3250.74331,09646.85347,-57.2911051212938,0,371,2717.74663072776,0.012011121212
163306.00,163307,011.15,3250.74499,09646.85362,-59.1771217712177,0,271,2664.50184501845,0.017738696970
163307.00,163308,011.86,3250.74670,09646.85351,-59.8241758241758,0,91,6251.31868131868,0.031236333333
163308.00,163309,012.24,3250.74849,09646.85343,-59.9300291545189,0,343,2667.16618075802,0.013363030303
163309.00,163310,013.69,3250.75048,09646.85329,-60.5822784810127,0,237,4639.15611814346,0.009904000000
163310.00,163311,013.66,3250.75249,09646.85308,-59.2772861356932,0,339,2707.95280235988,0.015238060606
163311.00,163312,014.70,3250.75466,09646.85293,-59.0239361702128,0,376,2671.39361702128,0.011873333333
163312.00,163313,015.45,3250.75691,09646.85288,-59.0905923344948,0,287,2677.31707317073,0.017983030303
163313.00,163314,015.31,3250.75915,09646.85272,-60.2359550561798,0,178,2748.4606741573,0.024079878788
163314.00,163315,016.68,3250.76159,09646.85269,-60.5786666666667,0,375,2684.85333333333,0.014319696970
163315.00,163316,017.45,3250.76416,09646.85263,-59.9947229551451,0,379,2652.41688654354,0.014602060606
163316.00,163317,018.58,3250.76692,09646.85257,-59.7331081081081,0,296,2680.81756756757,0.020610666667
163317.00,163318,019.73,3250.76984,09646.85250,-59.9090909090909,0,110,5062.69090909091,0.013272000000
163318.00,163319,019.84,3250.77277,09646.85248,-64.3837638376384,0,271,2582.70110701107,0.014848000000
163319.00,163320,020.05,3250.77580,09646.85251,-60.1181102362205,0,127,4524.69291338583,0.021382666667
163320.00,163321,020.26,3250.77879,09646.85244,-62.1171428571429,0,350,2616.16,0.010364666667
163321.00,163322,019.50,3250.78171,09646.85226,-61.4337662337662,0,385,2611.79220779221,0.009010666667
163322.00,163323,018.25,3250.78440,09646.85223,-62.570987654321,0,324,2597.80864197531,0.011889333333
163323.00,163324,017.45,3250.78697,09646.85216,-62.9945652173913,0,184,2631.13043478261,0.025562000000
163324.00,163325,016.36,3250.78938,09646.85192,-61.6434316353887,0,373,2701.35120643432,0.008701333333
163325.00,163326,014.01,3250.79149,09646.85193,-64.0313315926893,0,383,2629.48825065274,0.011243333333
163326.00,163327,012.02,3250.79335,09646.85180,-60,0,369,2731.77777777778,0.012473333333
163327.00,163328,010.58,3250.79497,09646.85178,-61.9728260869565,0,368,2741.24456521739,0.010878666667
163328.00,163329,007.13,3250.79604,09646.85161,-57.3573333333333,0,375,2680.74133333333,0.007105333333
163329.00,163330,004.86,3250.79679,09646.85145,-54.989247311828,0,372,2709.93010752688,0.012671333333
163330.00,163331,004.95,3250.79748,09646.85112,-57.8088235294118,0,340,2953,0.022037333333
163331.00,163332,008.33,3250.79846,09646.85020,-62.2780748663102,0,374,2701.48128342246,0.009876666667
163332.00,163333,010.71,3250.79919,09646.84861,-66.0591549295775,0,355,2825.04788732394,0.009025333333
163333.00,163334,012.61,3250.79933,09646.84642,-66.0561797752809,0,356,2829.53370786517,0.009269333333
163334.00,163335,015.11,3250.79927,09646.84379,-67.6310975609756,0,328,2789.74390243902,0.010114666667
163335.00,163336,016.71,3250.79935,09646.84089,-65.3333333333333,0,186,2610.33333333333,0.026580000000
163336.00,163337,017.88,3250.79953,09646.83775,-64.7377892030848,0,389,2587.60411311054,0.011674666667
163337.00,163338,018.31,3250.79964,09646.83458,-61.4869109947644,0,382,2639.0890052356,0.011448666667
163338.00,163339,019.57,3250.79964,09646.83117,-60.4214659685864,0,382,2631.22513089005,0.012048666667
163339.00,163340,020.95,3250.79960,09646.82751,-59.8756476683938,0,386,2613.9689119171,0.015886666667
163340.00,163341,022.49,3250.79956,09646.82357,-60.515625,0,384,2626.53125,0.019234666667
163341.00,163342,023.60,3250.79956,09646.81946,-60.8541666666667,0,384,2619.61458333333,0.008804363636
163342.00,163343,024.35,3250.79941,09646.81523,-61.289817232376,0,383,2632.41775456919,0.019108666667
163343.00,163344,024.95,3250.79942,09646.81082,-61.0394736842105,0,380,2648.57368421053,0.017765696970
163345.00,163345,024.97,3250.79939,09646.80184,-59.9604221635884,0,379,2644.02110817942,0.003284000000
163345.00,163346,026.11,3250.79939,09646.80184,-61.6117021276596,0,188,2571.5,0.008704000000
163347.00,163347,025.65,3250.79958,09646.79309,-61.6142131979695,0,197,5573.4923857868,0.001073333333
163347.00,163348,024.19,3250.79958,09646.79309,-61.8944444444444,0,360,2499.38333333333,0.004063333333
163348.00,163349,022.54,3250.79968,09646.78911,-62.5977653631285,0,179,2700.53631284916,0.019978000000
163349.00,163350,021.20,3250.79979,09646.78537,-63.1097922848665,0,337,2993.25222551929,0.001902666667
163350.00,163351,021.09,3250.79984,09646.78165,-63.3630363036304,0,303,3330.28382838284,0.001512000000
163351.00,163352,021.46,3250.79965,09646.77786,-64.3856655290102,0,293,3427.7542662116,0.001170666667
163353.00,163353,023.44,3250.79939,09646.76962,-67.071661237785,0,307,3291.68729641694,0.001821333333
163354.00,163354,023.01,3250.79925,09646.76555,-68.3076923076923,0,26,33476.1538461538,0.003073333333
163354.00,163355,023.01,3250.79925,09646.76555,-67.4509803921569,0,51,12039.5294117647,0.010700000000
163357.00,163356,020.23,3250.79928,09646.75408,-67.4705882352941,0,17,19038.1176470588,0.002081333333
163357.00,163357,020.23,3250.79928,09646.75408,-67.4705882352941,0,0,0,0.002960000000
163358.00,163358,019.26,3250.79932,09646.75064,-71.1224489795918,0,49,16131.306122449,0.001821333333
163359.00,163359,019.26,3250.79926,09646.74786,-65.6727272727273,0,55,10976.2545454545,0.004716000000
163400.00,163400,008.35,3250.79921,09646.74634,-61.1275720164609,0,243,4517.61316872428,0.001593333333
163401.00,163401,008.35,3250.79906,09646.74552,-55.3602150537634,0,186,4929.15053763441,0.010816000000
163402.00,163402,004.70,3250.79888,09646.74472,-56.6055555555556,0,360,2801.78333333333,0.005221333333
163403.00,163403,005.63,3250.79845,09646.74387,-60.3863636363636,0,220,4369.95454545455,0.011270666667
163404.00,163404,008.30,3250.79754,09646.74286,-60.8097826086956,0,184,3834.66304347826,0.008701333333
163405.00,163405,008.30,3250.79615,09646.74236,-61.676724137931,0,232,4340.4224137931,0.010181333333
163406.00,163406,011.71,3250.79443,09646.74235,-62.2721088435374,0,294,3733.49659863946,0.005838666667
163407.00,163407,013.42,3250.79244,09646.74243,-62.3843648208469,0,307,2980.31921824104,0.004586666667
163408.00,163408,015.48,3250.79010,09646.74246,-66.3159509202454,0,326,3098.01226993865,0.004082666667
163409.00,163409,016.75,3250.78761,09646.74251,-71.0418848167539,0,191,5254.50261780105,0.001089333333
163410.00,163410,017.99,3250.78491,09646.74264,-69.3815789473684,0,152,5830.18421052632,0.001593333333
163411.00,163411,019.47,3250.78201,09646.74278,-69.039603960396,0,101,9380.63366336634,0.003089333333
163412.00,163412,019.82,3250.77904,09646.74299,-67.9791666666667,0,96,10256.625,0.005928333333
163413.00,163413,022.15,3250.77566,09646.74295,-68.8875,0,160,5475.45,0.010370000000
163414.00,163414,020.43,3250.77258,09646.74295,-64.5256916996047,0,253,3979.15415019763,0.008549696970
163415.00,163415,020.39,3250.76951,09646.74301,-62.6053511705686,0,299,3376.58862876254,0.007192333333
163416.00,163416,021.35,3250.76629,09646.74299,-62.1471321695761,0,401,2508.08478802993,0.004769666667
163417.00,163417,021.93,3250.76301,09646.74296,-62.7383512544803,0,279,3612.68817204301,0.015111666667
163418.00,163418,020.62,3250.75994,09646.74287,-60.0163043478261,0,368,2737.1902173913,0.009916666667
163419.00,163419,021.03,3250.75672,09646.74276,-61.7412587412587,0,286,3524.48251748252,0.017027363636
163420.00,163420,020.10,3250.75374,09646.74292,-64.0157480314961,0,381,2640.20472440945,0.024762333333
163421.00,163421,018.80,3250.75097,09646.74298,-64.27959697733,0,397,2539.09823677582,0.012293333333
163422.00,163422,018.49,3250.74821,09646.74308,-65.1017811704835,0,393,2563.69974554707,0.013529333333
163423.00,163423,014.45,3250.74603,09646.74311,-63.78,0,400,2520.855,0.015093666667
163424.00,163424,009.34,3250.74467,09646.74323,-61.2374581939799,0,299,3365.1906354515,0.014543333333
163425.00,163425,004.48,3250.74395,09646.74322,-58.535,0,400,2527.315,0.009841030303
163426.00,163426,003.92,3250.74333,09646.74327,-55.9873737373737,0,396,2537.10606060606,0.010553333333
163427.00,163427,005.92,3250.74243,09646.74356,-55.9093198992443,0,397,2535.71284634761,0.005207000000
163428.00,163428,009.21,3250.74126,09646.74448,-58.780612244898,0,392,2570.96428571429,0.004162666667
163429.00,163429,011.05,3250.74031,09646.74609,-61.9324758842444,0,311,3241.56270096463,0.009154666667
163430.00,163430,012.79,3250.73981,09646.74827,-61.8740554156171,0,397,2538.03022670025,0.005024000000
163431.00,163431,013.64,3250.73957,09646.75061,-65.1920199501247,0,401,2511.52119700748,0.005054000000
163432.00,163432,015.28,3250.73949,09646.75327,-63.9727722772277,0,404,2493.47524752475,0.006897666667
163433.00,163433,016.05,3250.73960,09646.75605,-61.1616915422886,0,402,2503.8855721393,0.009464000000
163434.00,163434,016.77,3250.73961,09646.75900,-63.9573934837093,0,399,2527.72932330827,0.007261666667
163435.00,163435,018.76,3250.73960,09646.76230,-63.1704834605598,0,393,2560.18829516539,0.006446000000
163436.00,163436,020.44,3250.73962,09646.76588,-61.9798488664987,0,397,2541.82871536524,0.006799666667
163437.00,163437,022.78,3250.73953,09646.76990,-62.6242424242424,0,330,3048.66666666667,0.009366666667
163438.00,163438,024.14,3250.73954,09646.77414,-61.5816326530612,0,392,2569.4693877551,0.007697333333
163439.00,163439,024.43,3250.73944,09646.77844,-61.7788944723618,0,398,2533.85427135678,0.004424000000
163440.00,163440,024.40,3250.73941,09646.78274,-61.8295739348371,0,399,2530.04010025063,0.001918666667
163441.00,163441,025.50,3250.73930,09646.78721,-62.34,0,400,2512.945,0.002081333333
163442.00,163442,026.33,3250.73916,09646.79184,-61.9170854271357,0,398,2532.58291457286,0.002055393939
163443.00,163443,027.28,3250.73910,09646.79668,-63.5037220843672,0,403,2497.65756823821,0.000682666667
163444.00,163444,028.34,3250.73912,09646.80168,-64.1788413098237,0,397,2541.13350125945,0.005997454545
163445.00,163445,028.53,3250.73895,09646.80670,-64.4763157894737,0,380,2646.54736842105,0.013542666667
163446.00,163446,028.32,3250.73912,09646.81170,-64.0577889447236,0,398,2533.5175879397,0.004244000000
163447.00,163447,029.24,3250.73918,09646.81687,-63.3367088607595,0,395,2550.67848101266,0.004235393939
163448.00,163448,029.83,3250.73930,09646.82215,-63.5780821917808,0,365,2756.38904109589,0.007253333333
163449.00,163449,029.66,3250.73934,09646.82740,-63.2268041237113,0,388,2598.05154639175,0.005574666667
163450.00,163450,029.50,3250.73928,09646.83263,-63.3737373737374,0,396,2541.68686868687,0.005936000000
163451.00,163451,028.65,3250.73932,09646.83767,-62.67277486911,0,382,2639.48167539267,0.006396666667
163452.00,163452,025.14,3250.73936,09646.84214,-60.6141304347826,0,368,2738.74456521739,0.052423333333
163453.00,163453,020.02,3250.73944,09646.84567,-56.7473404255319,0,376,2675.28723404255,0.009757333333
163454.00,163454,015.55,3250.73979,09646.84841,-54.2561983471074,0,363,3020.66115702479,0.014393333333
163455.00,163455,012.66,3250.74035,09646.85055,-57.9671641791045,0,335,2740.51940298507,0.043703060606
163456.00,163456,012.23,3250.74150,09646.85228,-59.1635883905013,0,379,2655.22955145119,0.012620000000
163457.00,163457,012.43,3250.74322,09646.85311,-62.1521126760563,0,355,2835.52676056338,0.012133000000
163458.00,163458,012.30,3250.74501,09646.85315,-62.9136490250696,0,359,2798.6295264624,0.019498666667
163459.00,163459,014.90,3250.74719,09646.85285,-63.568306010929,0,366,2753.47540983607,0.019212666667
163500.00,163500,017.20,3250.74971,09646.85250,-62.3864864864865,0,370,2722.40540540541,0.013738000000
163501.00,163501,018.66,3250.75247,09646.85230,-63.9507246376812,0,345,2921.22898550725,0.011812060606
163502.00,163502,020.84,3250.75557,09646.85213,-63.9283746556474,0,363,2777.55371900826,0.012679212121
163503.00,163503,020.83,3250.75863,09646.85207,-64.1460674157303,0,356,2812.48314606742,0.015679696970
163504.00,163504,021.52,3250.76181,09646.85213,-63.1992882562278,0,281,3576.83985765125,0.024721909091
163505.00,163505,022.92,3250.76520,09646.85200,-64.6852941176471,0,340,2963.86470588235,0.020582424242
163506.00,163506,022.33,3250.76850,09646.85207,-62.4655172413793,0,348,2891.86781609195,0.011038727273
163507.00,163507,023.92,3250.77207,09646.85189,-66.7857142857143,0,364,2770.76373626374,0.009083333333
163508.00,163508,022.67,3250.77549,09646.85186,-63.96,0,375,2685.40266666667,0.005779333333
163509.00,163509,021.79,3250.77873,09646.85178,-62.819587628866,0,388,2595.52577319588,0.008018666667
163510.00,163510,020.95,3250.78185,09646.85173,-60.5280612244898,0,392,2565.0306122449,0.009227333333
163511.00,163511,020.60,3250.78488,09646.85181,-60.5891472868217,0,387,2607.19379844961,0.007026666667
163512.00,163512,019.19,3250.78778,09646.85177,-60.1979434447301,0,389,2585.20822622108,0.003610666667
163513.00,163513,017.34,3250.79040,09646.85161,-60.1237113402062,0,388,2600.59278350515,0.011085333333
163514.00,163514,016.14,3250.79278,09646.85153,-60.6962365591398,0,372,2701.10752688172,0.006238666667
163515.00,163515,013.85,3250.79485,09646.85157,-59.3606557377049,0,244,2780.51639344262,0.022603333333
163516.00,163516,008.75,3250.79613,09646.85165,-56.9939393939394,0,165,2928.65454545455,0.027252000000
163517.00,163517,005.55,3250.79699,09646.85156,-54.1633466135458,0,251,2888.92430278884,0.022689333333
163518.00,163518,005.39,3250.79775,09646.85127,-56.9775280898876,0,178,2714.47191011236,0.022256363636
163519.00,163519,008.90,3250.79886,09646.85037,-57.8395721925134,0,187,5871.46524064171,0.004049333333
163520.00,163520,011.56,3250.79965,09646.84859,-66.4375,0,240,2770.41666666667,0.017761333333
163521.00,163521,012.75,3250.79967,09646.84631,-61.5574712643678,0,174,2781.41379310345,0.011226000000
163522.00,163522,013.82,3250.79957,09646.84395,-65.3526170798898,0,363,2775.0303030303,0.005573696970
163524.00,163523,014.27,3250.79946,09646.83876,-64.5446009389671,0,213,5150.75117370892,0.002748000000
163524.00,163524,015.63,3250.79946,09646.83876,-64.4378531073446,0,354,2588.24858757062,0.006260000000
163526.00,163525,017.10,3250.79959,09646.83250,-62.5397489539749,0,239,4600.8870292887,0.002504000000
163526.00,163526,018.70,3250.79959,09646.83250,-65.5070422535211,0,355,2581.30704225352,0.006813333333
163527.00,163527,020.13,3250.79971,09646.82895,-62.8106312292359,0,301,2628.33222591362,0.011177696970
163528.00,163528,019.68,3250.79972,09646.82553,-62.1269841269841,0,189,2544.04232804233,0.019332000000
163529.00,163529,018.27,3250.79970,09646.82236,-61.0257731958763,0,388,2594.9793814433,0.005772000000
163530.00,163530,016.34,3250.79975,09646.81952,-60.3393316195373,0,389,2588.54498714653,0.008890666667
163531.00,163531,013.18,3250.79986,09646.81723,-62.7628865979381,0,388,2597.9793814433,0.014290666667
163532.00,163532,008.83,3250.79990,09646.81569,-62.2354430379747,0,395,2552.93164556962,0.004568000000
163533.00,163533,008.13,3250.79997,09646.81428,-62.6827411167513,0,394,2556.6192893401,0.006129333333
163535.00,163534,008.03,3250.79985,09646.81112,-63.7576687116564,0,326,2601.95705521472,0.012958666667
163536.00,163535,010.19,3250.79978,09646.80893,-62.2896174863388,0,183,2628.61202185792,0.029612000000
163537.00,163536,014.87,3250.79977,09646.80628,-60.5142857142857,0,350,3130.88,0.010285696970
163538.00,163537,014.87,3250.79977,09646.80324,-59.7008547008547,0,351,2611.77207977208,0.007012333333
163539.00,163538,017.14,3250.79984,09646.79999,-60.1882951653944,0,393,2562.61577608142,0.002065333333
163540.00,163539,018.32,3250.79989,09646.79636,-60.1012658227848,0,395,2550.70379746835,0.002440000000
163541.00,163540,020.31,3250.79980,09646.79256,-62.3532467532468,0,385,2609.84415584416,0.002878666667
163542.00,163541,021.56,3250.79963,09646.78845,-64.1037974683544,0,395,2555.20506329114,0.001642666667
163543.00,163542,024.19,3250.79969,09646.78416,-64.9101123595506,0,356,2604.01685393258,0.003660000000
163544.00,163543,024.19,3250.79977,09646.77992,-65.15,0,160,3026.45,0.006434666667
163545.00,163544,024.11,3250.79981,09646.77567,-65.840625,0,320,3145.44375,0.002228000000
163546.00,163545,024.26,3250.79984,09646.77136,-66.2935153583618,0,293,3437.72013651877,0.002300727273
163547.00,163546,024.37,3250.79995,09646.76706,-67.2181818181818,0,220,4558.10909090909,0.001724000000
163548.00,163547,022.22,3250.79986,09646.76312,-65.4,0,5,192684.4,0.004749333333
163549.00,163548,021.68,3250.79989,09646.75928,-69.5178571428571,0,56,10325.7142857143,0.005237333333
163550.00,163549,020.24,3250.79986,09646.75570,-69.5178571428571,0,0,0,0.004896000000
163551.00,163550,019.61,3250.79984,09646.75224,-71.0487804878049,0,41,15727.6585365854,0.004114666667
163552.00,163551,017.42,3250.79983,09646.74916,-70.8947368421053,0,38,24845.0526315789,0.002650666667
163553.00,163552,012.07,3250.79972,09646.74702,-65.3080357142857,0,224,3129.98214285714,0.004666666667
163554.00,163553,006.13,3250.79964,09646.74593,-61.1924686192469,0,239,4213.30543933054,0.004293333333
163555.00,163554,005.44,3250.79943,09646.74498,-57.0211480362538,0,331,3037.3413897281,0.001918666667
163556.00,163555,008.61,3250.79885,09646.74362,-56.252427184466,0,206,3024.26213592233,0.010002666667
163557.00,163556,010.54,3250.79746,09646.74271,-61.4747191011236,0,356,2826.31460674157,0.005969333333
163558.00,163557,012.53,3250.79556,09646.74257,-64.9485714285714,0,350,2878.89714285714,0.005465333333
163559.00,163558,014.36,3250.79340,09646.74265,-64.218085106383,0,188,5364.28723404255,0.016804454545
163600.00,163559,016.44,3250.79093,09646.74280,-67.4347826086957,0,299,3148.6220735786,0.002650666667
163601.00,163600,017.72,3250.78825,09646.74296,-70.8296703296703,0,182,4911.42857142857,0.002585333333
163602.00,163601,017.82,3250.78557,09646.74305,-72.8041958041958,0,143,7165.04895104895,0.001577333333
163603.00,163602,016.57,3250.78309,09646.74322,-69.0194174757282,0,103,9669.66990291262,0.000255030303
163604.00,163603,016.31,3250.78066,09646.74332,-65.0281690140845,0,142,6938.52112676056,0.003658666667
163605.00,163604,015.43,3250.77831,09646.74340,-63.78125,0,96,10853.1666666667,0.008207333333
163606.00,163605,012.68,3250.77633,09646.74337,-65.5460122699387,0,163,5965.59509202454,0.007106666667
163607.00,163606,012.65,3250.77439,09646.74315,-64.1739130434783,0,230,4391.47826086957,0.005920000000
163608.00,163607,012.20,3250.77250,09646.74322,-63.3166666666667,0,300,3351.10666666667,0.010832333333
163609.00,163608,011.20,3250.77076,09646.74319,-65.7442748091603,0,262,3843.49618320611,0.010607666667
163610.00,163609,012.55,3250.76882,09646.74337,-67.01,0,400,2509.695,0.006054666667
163611.00,163610,011.59,3250.76705,09646.74351,-66.5852534562212,0,217,4643.40092165899,0.015648030303
163612.00,163611,009.28,3250.76561,09646.74353,-64.9088471849866,0,373,2700.25201072386,0.014867666667
163613.00,163612,003.80,3250.76504,09646.74335,-62.3240506329114,0,395,2550.36455696203,0.009335333333
163614.00,163613,000.93,3250.76505,09646.74344,-58.3166666666667,0,240,4194.69166666667,0.009823696970
163615.00,163614,000.20,3250.76501,09646.74338,-56.5427135678392,0,398,2530.3216080402,0.010130666667
163616.00,163615,000.00,3250.76490,09646.74336,-55.3834586466165,0,399,2531.51378446115,0.010203333333
163617.00,163616,000.00,3250.76482,09646.74331,-54.7704918032787,0,244,4125.90983606557,0.017170666667
163618.00,163617,000.00,3250.76466,09646.74325,-53.1944444444444,0,252,4353.57142857143,0.009561333333
163619.00,163618,000.00,3250.76461,09646.74318,-53.3856749311295,0,363,2526.51790633609,0.010797333333
163620.00,163619,000.00,3250.76453,09646.74320,-53.3734939759036,0,249,4043.3734939759,0.015117000000
163621.00,163620,000.00,3250.76444,09646.74320,-53.2587939698492,0,398,2532.16582914573,0.007473333333
163623.00,163621,000.00,3250.76433,09646.74321,-53.2105263157895,0,19,2307.26315789474,0.016780000000
163623.00,163622,000.00,3250.76433,09646.74321,-53.2105263157895,0,0,0,0.016840363636
