0,000.00,3250.76411,09646.74326,3.79
165423.00,000.00,3250.75238,09646.74897,5.13
165423.00,000.00,3250.75238,09646.74897,5.10
165424.00,000.00,3250.75237,09646.74896,5.15
165424.00,000.00,3250.75237,09646.74896,4.66
165425.00,000.00,3250.75247,09646.74889,0.8
165425.00,000.74,3250.75247,09646.74889,0.612
165426.00,000.38,3250.75242,09646.74882,1.58
165426.00,000.38,3250.75242,09646.74882,0.0235
165427.00,000.38,3250.75244,09646.74883,0.87
165427.00,000.00,3250.75244,09646.74883,2.16
165428.00,000.00,3250.75243,09646.74880,5.15
165428.00,000.00,3250.75243,09646.74880,5.10
165429.00,000.00,3250.75243,09646.74875,5.13
165429.00,000.00,3250.75243,09646.74875,5.15
165430.00,000.71,3250.75252,09646.74874,2.78
165430.00,000.71,3250.75252,09646.74874,1.25
165430.00,000.71,3250.75252,09646.74874,0.0235
165431.00,000.14,3250.75254,09646.74873,0.87
165432.00,000.00,3250.75257,09646.74867,0.0235
165432.00,000.00,3250.75257,09646.74867,1.53
165432.00,000.00,3250.75257,09646.74867,3.55
165433.00,000.00,3250.75259,09646.74866,5.13
165434.00,000.00,3250.75260,09646.74865,5.13
165434.00,000.00,3250.75260,09646.74865,5.13
165435.00,000.00,3250.75263,09646.74865,5.15
165435.00,000.00,3250.75263,09646.74865,1.55
165435.00,000.00,3250.75263,09646.74865,0.894
165436.00,000.00,3250.75268,09646.74864,0.8
165437.00,000.00,3250.75272,09646.74864,0.917
165437.00,000.00,3250.75272,09646.74864,0.00
165437.00,000.00,3250.75272,09646.74864,0.0941
165438.00,000.00,3250.75273,09646.74867,5.15
165439.00,000.00,3250.75276,09646.74868,5.10
165439.00,000.00,3250.75276,09646.74868,5.13
165440.00,000.00,3250.75279,09646.74869,5.13
165440.00,000.00,3250.75279,09646.74869,4.45
165441.00,000.00,3250.75281,09646.74870,0.988
165442.00,000.00,3250.75283,09646.74869,0.447
165442.00,000.00,3250.75283,09646.74869,0.729
165442.00,000.00,3250.75283,09646.74869,1.39
165443.00,000.00,3250.75289,09646.74866,0.894
165443.00,000.00,3250.75289,09646.74866,0.988
165444.00,000.00,3250.75294,09646.74865,5.13
165444.00,000.00,3250.75294,09646.74865,5.13
165445.00,000.00,3250.75298,09646.74864,5.15
165448.00,000.00,3250.75308,09646.74860,0.00
170748.00,000.00,3250.76216,09646.74659,0.894
170748.00,000.00,3250.76216,09646.74659,0.00
170748.00,000.00,3250.76216,09646.74659,0.00
170748.00,000.00,3250.76216,09646.74659,4.66
170748.00,000.00,3250.76216,09646.74659,5.15
170749.00,000.00,3250.76217,09646.74660,5.13
170750.00,000.00,3250.76218,09646.74661,5.13
170750.00,000.00,3250.76218,09646.74661,5.10
170751.00,000.00,3250.76219,09646.74662,0.4
170751.00,000.00,3250.76219,09646.74662,1.03
170752.00,000.00,3250.76219,09646.74663,0.894
170752.00,000.00,3250.76219,09646.74663,0.259
170753.00,000.00,3250.76219,09646.74664,0.659
170753.00,000.00,3250.76219,09646.74664,0.588
170754.00,000.00,3250.76220,09646.74665,5.13
170754.00,000.00,3250.76220,09646.74665,5.13
170755.00,000.00,3250.76220,09646.74667,5.13
170755.00,000.00,3250.76220,09646.74667,5.10
170756.00,000.00,3250.76220,09646.74668,3.27
170756.00,000.00,3250.76220,09646.74668,1.27
170757.00,000.00,3250.76220,09646.74669,0.659
170758.00,000.00,3250.76220,09646.74670,1.13
170758.00,000.00,3250.76220,09646.74670,0.00
170758.00,000.00,3250.76220,09646.74670,0.894
170759.00,000.00,3250.76220,09646.74671,2.85
170759.00,000.00,3250.76220,09646.74671,5.13
170800.00,000.00,3250.76220,09646.74672,3.01
170800.00,000.00,3250.76220,09646.74672,0.00
170801.00,000.00,3250.76220,09646.74671,3.08
170801.00,000.00,3250.76220,09646.74671,1.98
170802.00,000.00,3250.76220,09646.74671,0.894
170803.00,000.00,3250.76220,09646.74670,0.87
170803.00,000.00,3250.76220,09646.74670,0.0235
170803.00,000.00,3250.76220,09646.74670,0.894
170804.00,000.00,3250.76220,09646.74669,0.894
170804.00,000.00,3250.76220,09646.74669,4.52
170805.00,000.00,3250.76220,09646.74668,5.13
170805.00,000.00,3250.76220,09646.74668,5.10
170806.00,000.00,3250.76221,09646.74667,5.15
170806.00,000.00,3250.76221,09646.74667,4.89
170807.00,000.00,3250.76221,09646.74666,0.4
170807.00,000.00,3250.76221,09646.74666,0.917
170808.00,000.00,3250.76221,09646.74666,1.39
170809.00,000.00,3250.76221,09646.74665,0.0235
170809.00,000.00,3250.76221,09646.74665,0.00
170809.00,000.00,3250.76221,09646.74665,1.01
170810.00,000.00,3250.76220,09646.74664,5.13
170810.00,000.00,3250.76220,09646.74664,5.13
170811.00,000.00,3250.76220,09646.74664,5.13
170811.00,000.00,3250.76220,09646.74664,5.13
170812.00,001.51,3250.76228,09646.74638,1.41
170812.00,001.51,3250.76228,09646.74638,1.76
170813.00,002.69,3250.76250,09646.74598,0.941
170815.00,001.18,3250.76277,09646.74560,0.87
170815.00,001.18,3250.76277,09646.74560,0.00
170815.00,001.18,3250.76277,09646.74560,0.00
170815.00,001.18,3250.76277,09646.74560,1.53
170815.00,001.18,3250.76277,09646.74560,5.15
170816.00,000.58,3250.76277,09646.74551,5.13
170816.00,000.58,3250.76277,09646.74551,5.13
170817.00,000.00,3250.76276,09646.74563,5.13
170818.00,000.00,3250.76287,09646.74548,1.79
170818.00,001.17,3250.76287,09646.74548,0.894
170818.00,001.17,3250.76287,09646.74548,0.753
170819.00,000.95,3250.76298,09646.74537,0.894
170820.00,000.95,3250.76301,09646.74539,0.87
170820.00,000.24,3250.76301,09646.74539,0.0235
170820.00,000.24,3250.76301,09646.74539,5.13
170821.00,000.00,3250.76299,09646.74539,5.13
170821.00,000.00,3250.76299,09646.74539,5.13
170822.00,000.00,3250.76299,09646.74539,5.13
170823.00,001.96,3250.76280,09646.74567,4.80
170823.00,001.96,3250.76280,09646.74567,0.588
170824.00,001.96,3250.76280,09646.74569,0.682
170824.00,000.29,3250.76280,09646.74569,1.36
170824.00,000.29,3250.76280,09646.74569,0.494
170824.00,000.29,3250.76280,09646.74569,1.29
170825.00,000.00,3250.76275,09646.74565,0.259
170826.00,000.00,3250.76274,09646.74564,5.13
170826.00,000.00,3250.76274,09646.74564,5.13
170827.00,000.00,3250.76274,09646.74564,5.13
170827.00,000.00,3250.76274,09646.74564,5.13
170827.00,000.00,3250.76274,09646.74564,3.06
170829.00,000.00,3250.76274,09646.74564,1.25
170829.00,000.00,3250.76274,09646.74564,0.894
170830.00,000.00,3250.76285,09646.74551,0.0235
170830.00,000.00,3250.76285,09646.74551,0.87
170831.00,000.26,3250.76290,09646.74549,0.0235
170831.00,000.26,3250.76290,09646.74549,2.80
170831.00,000.26,3250.76290,09646.74549,5.13
170832.00,000.00,3250.76288,09646.74552,5.13
170832.00,000.00,3250.76288,09646.74552,5.13
170833.00,000.00,3250.76288,09646.74553,5.13
170834.00,000.00,3250.76288,09646.74554,1.58
170834.00,000.00,3250.76288,09646.74554,1.08
170834.00,000.00,3250.76288,09646.74554,0.517
170836.00,001.53,3250.76306,09646.74537,0.894
170836.00,001.53,3250.76306,09646.74537,0.00
170836.00,001.53,3250.76306,09646.74537,0.964
170837.00,001.53,3250.76357,09646.74487,5.10
170837.00,004.51,3250.76357,09646.74487,5.13
170838.00,001.75,3250.76372,09646.74465,2.05
170838.00,001.75,3250.76372,09646.74465,2.96
170839.00,000.34,3250.76367,09646.74470,4.47
170839.00,000.34,3250.76367,09646.74470,1.15
170840.00,000.00,3250.76368,09646.74466,0.47
170840.00,000.00,3250.76368,09646.74466,0.894
170841.00,002.71,3250.76327,09646.74479,1.15
170841.00,002.71,3250.76327,09646.74479,1.55
170842.00,007.48,3250.76212,09646.74503,0.917
170842.00,007.48,3250.76212,09646.74503,4.56
170843.00,007.48,3250.76065,09646.74489,4.99
170843.00,009.56,3250.76065,09646.74489,3.67
170844.00,009.56,3250.75885,09646.74485,4.92
170844.00,011.75,3250.75885,09646.74485,2.47
170845.00,013.20,3250.75683,09646.74462,1.25
170845.00,013.20,3250.75683,09646.74462,0.706
170847.00,015.75,3250.75214,09646.74410,0.894
170847.00,015.75,3250.75214,09646.74410,0.00
170847.00,015.75,3250.75214,09646.74410,0.00
170847.00,015.75,3250.75214,09646.74410,3.79
170848.00,015.01,3250.74981,09646.74396,4.77
170848.00,015.01,3250.74981,09646.74396,4.61
170849.00,012.25,3250.74792,09646.74402,4.14
170849.00,012.25,3250.74792,09646.74402,4.12
170850.00,006.51,3250.74696,09646.74424,1.39
170851.00,001.65,3250.74667,09646.74428,1.08
170851.00,001.65,3250.74667,09646.74428,0.00
170851.00,001.65,3250.74667,09646.74428,0.917
170852.00,001.01,3250.74646,09646.74434,0.0235
170852.00,001.01,3250.74646,09646.74434,0.118
170853.00,004.46,3250.74577,09646.74462,5.15
170853.00,004.46,3250.74577,09646.74462,5.13
170854.00,009.76,3250.74444,09646.74557,5.10
170854.00,009.76,3250.74444,09646.74557,5.13
170855.00,010.05,3250.74365,09646.74708,4.26
170855.00,010.05,3250.74365,09646.74708,1.11
170856.00,011.20,3250.74322,09646.74898,0.282
170856.00,011.20,3250.74322,09646.74898,0.894
170857.00,013.16,3250.74283,09646.75126,0.847
170858.00,013.16,3250.74266,09646.75382,0.0706
170858.00,014.61,3250.74266,09646.75382,2.33
170858.00,014.61,3250.74266,09646.75382,4.92
170859.00,015.91,3250.74267,09646.75663,5.13
170859.00,015.91,3250.74267,09646.75663,5.10
170900.00,017.36,3250.74270,09646.75969,5.15
170900.00,017.36,3250.74270,09646.75969,2.68
170901.00,019.46,3250.74261,09646.76311,1.34
170901.00,019.46,3250.74261,09646.76311,0.541
170903.00,025.37,3250.74227,09646.77172,0.87
170903.00,025.37,3250.74227,09646.77172,0.00
170903.00,025.37,3250.74227,09646.77172,0.00
170903.00,025.37,3250.74227,09646.77172,3.93
170904.00,027.21,3250.74209,09646.77653,3.08
170904.00,027.21,3250.74209,09646.77653,3.27
170905.00,027.52,3250.74189,09646.78139,2.45
170905.00,027.52,3250.74189,09646.78139,2.78
170906.00,027.87,3250.74186,09646.78631,1.69
170907.00,027.87,3250.74174,09646.79132,0.87
170907.00,028.59,3250.74174,09646.79132,0.894
170907.00,028.59,3250.74174,09646.79132,0.0235
170908.00,029.18,3250.74151,09646.79650,1.41
170908.00,029.18,3250.74151,09646.79650,0.0235
170909.00,030.98,3250.74146,09646.80200,3.20
170909.00,030.98,3250.74146,09646.80200,3.08
170910.00,031.21,3250.74141,09646.80749,1.48
170910.00,031.21,3250.74141,09646.80749,1.34
170911.00,032.20,3250.74142,09646.81317,2.96
170911.00,032.20,3250.74142,09646.81317,1.03
170912.00,032.18,3250.74129,09646.81884,0.329
170913.00,032.18,3250.74111,09646.82459,0.894
170913.00,032.46,3250.74111,09646.82459,1.39
170913.00,032.46,3250.74111,09646.82459,0.4
170914.00,031.44,3250.74113,09646.83014,1.43
170914.00,031.44,3250.74113,09646.83014,2.78
170915.00,028.72,3250.74112,09646.83525,2.09
170915.00,028.72,3250.74112,09646.83525,2.14
170916.00,025.16,3250.74102,09646.83971,2.75
170916.00,025.16,3250.74102,09646.83971,2.42
170917.00,022.46,3250.74078,09646.84366,1.11
170918.00,018.03,3250.74084,09646.84687,0.894
170918.00,018.03,3250.74084,09646.84687,0.0235
170919.00,018.03,3250.74109,09646.84965,0.87
170919.00,015.49,3250.74109,09646.84965,0.0235
170919.00,015.49,3250.74109,09646.84965,3.10
170920.00,011.97,3250.74178,09646.85168,4.99
170921.00,011.06,3250.74290,09646.85305,3.29
170921.00,011.06,3250.74290,09646.85305,0.00
170922.00,011.06,3250.74449,09646.85355,2.94
170922.00,011.64,3250.74449,09646.85355,1.43
170923.00,011.25,3250.74602,09646.85351,0.894
170923.00,011.25,3250.74602,09646.85351,0.87
170924.00,011.42,3250.74760,09646.85331,0.894
170924.00,011.42,3250.74760,09646.85331,0.87
170925.00,011.42,3250.74942,09646.85305,0.0235
170925.00,013.19,3250.74942,09646.85305,4.35
170925.00,013.19,3250.74942,09646.85305,4.59
170926.00,013.77,3250.75133,09646.85280,4.52
170927.00,013.77,3250.75344,09646.85258,4.45
170927.00,014.81,3250.75344,09646.85258,3.86
170928.00,014.81,3250.75573,09646.85248,1.36
170928.00,015.81,3250.75573,09646.85248,0.047
170929.00,016.38,3250.75815,09646.85255,0.894
170929.00,016.38,3250.75815,09646.85255,0.894
170930.00,017.90,3250.76073,09646.85256,0.87
170930.00,017.90,3250.76073,09646.85256,1.18
170930.00,017.90,3250.76073,09646.85256,4.52
170931.00,017.01,3250.76321,09646.85258,4.66
170932.00,017.01,3250.76586,09646.85261,3.06
170932.00,018.12,3250.76586,09646.85261,4.28
170933.00,018.12,3250.76868,09646.85253,2.61
170933.00,019.23,3250.76868,09646.85253,1.01
170933.00,019.23,3250.76868,09646.85253,0.823
170935.00,019.47,3250.77429,09646.85211,0.047
170935.00,019.47,3250.77429,09646.85211,0.00
170935.00,019.47,3250.77429,09646.85211,0.00
170936.00,019.56,3250.77714,09646.85194,2.59
170936.00,019.56,3250.77714,09646.85194,4.80
170937.00,019.74,3250.78004,09646.85185,5.13
170937.00,019.74,3250.78004,09646.85185,5.03
170938.00,018.69,3250.78280,09646.85182,4.89
170938.00,018.69,3250.78280,09646.85182,1.43
170939.00,017.39,3250.78537,09646.85163,0.917
170939.00,017.39,3250.78537,09646.85163,0.894
170941.00,015.60,3250.79009,09646.85134,0.0235
170941.00,015.60,3250.79009,09646.85134,0.00
170941.00,015.60,3250.79009,09646.85134,0.212
170941.00,015.60,3250.79009,09646.85134,4.87
170942.00,013.84,3250.79215,09646.85124,4.37
170942.00,013.84,3250.79215,09646.85124,4.99
170943.00,011.18,3250.79384,09646.85109,5.08
170943.00,011.18,3250.79384,09646.85109,4.00
170943.00,011.18,3250.79384,09646.85109,1.46
170944.00,007.54,3250.79498,09646.85100,0.0235
170945.00,003.97,3250.79556,09646.85078,0.894
170945.00,003.97,3250.79556,09646.85078,0.894
170946.00,002.57,3250.79596,09646.85057,0.87
170946.00,002.57,3250.79596,09646.85057,2.14
170947.00,001.80,3250.79621,09646.85045,5.15
170947.00,001.80,3250.79621,09646.85045,5.13
170948.00,003.67,3250.79667,09646.85002,5.17
170948.00,003.67,3250.79667,09646.85002,5.15
170949.00,006.80,3250.79740,09646.84918,2.56
170949.00,006.80,3250.79740,09646.84918,0.917
170950.00,009.19,3250.79807,09646.84774,0.894
170950.00,009.19,3250.79807,09646.84774,0.753
170951.00,011.03,3250.79834,09646.84582,0.165
170951.00,011.03,3250.79834,09646.84582,1.76
170952.00,014.10,3250.79847,09646.84342,3.39
170952.00,014.10,3250.79847,09646.84342,5.03
170953.00,015.94,3250.79867,09646.84070,4.66
170953.00,015.94,3250.79867,09646.84070,4.52
170954.00,017.41,3250.79880,09646.83773,5.01
170954.00,017.41,3250.79880,09646.83773,0.894
170955.00,017.96,3250.79883,09646.83471,0.941
170956.00,019.14,3250.79879,09646.83145,0.917
170956.00,019.14,3250.79879,09646.83145,0.00
170956.00,019.14,3250.79879,09646.83145,0.87
170957.00,020.51,3250.79883,09646.82790,1.03
170957.00,020.51,3250.79883,09646.82790,5.03
170958.00,023.35,3250.79900,09646.82389,5.10
170959.00,023.35,3250.79903,09646.81990,1.11
170959.00,023.42,3250.79903,09646.81990,2.94
170959.00,023.42,3250.79903,09646.81990,3.20
171000.00,025.09,3250.79912,09646.81557,1.39
171001.00,025.50,3250.79929,09646.81116,0.0235
171001.00,025.50,3250.79929,09646.81116,0.87
171001.00,025.50,3250.79929,09646.81116,0.00
171002.00,025.19,3250.79932,09646.80679,0.894
171002.00,025.19,3250.79932,09646.80679,2.85
171003.00,025.17,3250.79945,09646.80241,4.96
171003.00,025.17,3250.79945,09646.80241,5.06
171004.00,025.03,3250.79945,09646.79804,5.15
171005.00,023.81,3250.79938,09646.79388,4.23
171005.00,023.81,3250.79938,09646.79388,0.87
171006.00,024.48,3250.79938,09646.78962,1.76
171006.00,024.48,3250.79938,09646.78962,0.941
171007.00,024.48,3250.79918,09646.78546,1.69
171007.00,023.86,3250.79918,09646.78546,1.48
171008.00,024.19,3250.79924,09646.78121,0.306
171008.00,024.19,3250.79924,09646.78121,0.635
171008.00,024.19,3250.79924,09646.78121,4.07
171009.00,023.92,3250.79922,09646.77703,2.56
171009.00,023.92,3250.79922,09646.77703,3.32
171010.00,024.80,3250.79924,09646.77269,2.68
171011.00,023.97,3250.79922,09646.76846,1.43
171011.00,023.97,3250.79922,09646.76846,0.988
171012.00,023.97,3250.79920,09646.76434,0.47
171013.00,022.53,3250.79917,09646.76039,0.87
171013.00,022.53,3250.79917,09646.76039,0.00
171013.00,022.53,3250.79917,09646.76039,0.917
171013.00,022.53,3250.79917,09646.76039,4.23
171014.00,021.73,3250.79908,09646.75658,4.70
171014.00,021.73,3250.79908,09646.75658,3.60
171014.00,021.73,3250.79908,09646.75658,3.60
171016.00,016.79,3250.79887,09646.75026,3.50
171016.00,016.79,3250.79887,09646.75026,1.11
171017.00,016.79,3250.79868,09646.74800,0.564
171018.00,007.42,3250.79856,09646.74667,0.894
171018.00,007.42,3250.79856,09646.74667,0.00
171018.00,007.42,3250.79856,09646.74667,0.87
171019.00,007.42,3250.79835,09646.74561,3.06
171019.00,005.97,3250.79835,09646.74561,5.15
171020.00,005.97,3250.79800,09646.74466,5.17
171020.00,005.78,3250.79800,09646.74466,5.13
171021.00,005.78,3250.79714,09646.74371,5.13
171021.00,007.98,3250.79714,09646.74371,2.87
171022.00,009.58,3250.79582,09646.74321,0.0235
171022.00,009.58,3250.79582,09646.74321,1.03
171023.00,011.27,3250.79418,09646.74316,0.118
171023.00,011.27,3250.79418,09646.74316,0.87
171024.00,011.27,3250.79221,09646.74323,0.894
171024.00,011.27,3250.79221,09646.74323,3.39
171025.00,015.14,3250.79004,09646.74334,5.03
171025.00,015.14,3250.79004,09646.74334,5.10
171026.00,016.49,3250.78767,09646.74330,4.49
171026.00,016.49,3250.78767,09646.74330,4.99
171027.00,016.79,3250.78526,09646.74338,1.15
171027.00,016.79,3250.78526,09646.74338,0.964
171028.00,018.21,3250.78261,09646.74332,0.165
171028.00,018.21,3250.78261,09646.74332,1.34
171029.00,019.60,3250.77975,09646.74337,0.0235
171029.00,019.60,3250.77975,09646.74337,0.541
171030.00,019.25,3250.77685,09646.74354,4.05
171030.00,019.25,3250.77685,09646.74354,3.36
171031.00,018.48,3250.77407,09646.74349,3.15
171031.00,018.48,3250.77407,09646.74349,3.20
171032.00,018.20,3250.77135,09646.74338,2.78
171032.00,018.20,3250.77135,09646.74338,0.659
171033.00,019.17,3250.76846,09646.74347,0.659
171033.00,019.17,3250.76846,09646.74347,0.894
171034.00,020.47,3250.76529,09646.74371,0.87
171034.00,020.47,3250.76529,09646.74371,1.69
171035.00,019.25,3250.76239,09646.74357,0.87
171036.00,019.20,3250.75947,09646.74378,3.22
171036.00,019.20,3250.75947,09646.74378,0.00
171036.00,019.20,3250.75947,09646.74378,2.12
171037.00,019.58,3250.75652,09646.74404,4.33
171037.00,019.58,3250.75652,09646.74404,2.94
171038.00,018.02,3250.75381,09646.74407,1.25
171038.00,018.02,3250.75381,09646.74407,0.612
171039.00,017.82,3250.75110,09646.74398,0.87
171039.00,017.82,3250.75110,09646.74398,0.894
171040.00,016.23,3250.74858,09646.74396,0.894
171040.00,016.23,3250.74858,09646.74396,3.53
171041.00,011.94,3250.74681,09646.74361,5.06
171041.00,011.94,3250.74681,09646.74361,5.13
171042.00,008.33,3250.74549,09646.74382,5.13
171042.00,008.33,3250.74549,09646.74382,5.13
171043.00,005.05,3250.74469,09646.74396,1.95
171044.00,005.05,3250.74393,09646.74426,0.894
171044.00,005.05,3250.74393,09646.74426,0.894
171045.00,007.08,3250.74293,09646.74487,0.0235
171045.00,007.08,3250.74293,09646.74487,0.87
171045.00,007.08,3250.74293,09646.74487,0.423
171046.00,009.44,3250.74204,09646.74623,5.13
171046.00,009.44,3250.74204,09646.74623,4.96
171047.00,012.06,3250.74155,09646.74822,5.17
171047.00,012.06,3250.74155,09646.74822,5.15
171048.00,014.33,3250.74128,09646.75071,4.70
171048.00,014.33,3250.74128,09646.75071,0.776
171049.00,016.26,3250.74099,09646.75350,0.494
171050.00,016.26,3250.74095,09646.75648,0.894
171050.00,017.30,3250.74095,09646.75648,0.0235
171050.00,017.30,3250.74095,09646.75648,0.894
171051.00,019.21,3250.74083,09646.75983,0.564
171051.00,019.21,3250.74083,09646.75983,4.49
171052.00,021.77,3250.74091,09646.76363,4.87
171052.00,021.77,3250.74091,09646.76363,3.72
171053.00,023.50,3250.74098,09646.76779,4.21
171053.00,023.50,3250.74098,09646.76779,2.56
171054.00,024.22,3250.74091,09646.77204,1.43
171055.00,024.81,3250.74088,09646.77642,0.917
171056.00,026.53,3250.74069,09646.78108,0.0235
171056.00,026.53,3250.74069,09646.78108,0.00
171056.00,026.53,3250.74069,09646.78108,0.00
171056.00,026.53,3250.74069,09646.78108,2.66
171057.00,026.77,3250.74057,09646.78580,3.20
171057.00,026.77,3250.74057,09646.78580,2.52
171058.00,027.91,3250.74043,09646.79071,2.87
171058.00,027.91,3250.74043,09646.79071,2.70
171059.00,028.36,3250.74044,09646.79571,1.69
171100.00,028.36,3250.74028,09646.80078,0.917
171100.00,028.60,3250.74028,09646.80078,0.823
171101.00,030.05,3250.74029,09646.80611,1.48
171101.00,030.05,3250.74029,09646.80611,0.894
171101.00,030.05,3250.74029,09646.80611,0.0706
171102.00,030.54,3250.74034,09646.81151,2.66
171102.00,030.54,3250.74034,09646.81151,2.42
171103.00,030.88,3250.74017,09646.81697,0.847
171104.00,030.88,3250.74016,09646.82248,2.00
171104.00,031.11,3250.74016,09646.82248,3.79
171104.00,031.11,3250.74016,09646.82248,0.682
171105.00,030.28,3250.74009,09646.82782,0.635
171106.00,030.45,3250.74017,09646.83323,0.847
171106.00,030.45,3250.74017,09646.83323,0.588
171107.00,030.45,3250.74006,09646.83827,1.11
171107.00,028.65,3250.74006,09646.83827,0.894
171107.00,028.65,3250.74006,09646.83827,3.65
171108.00,025.12,3250.73995,09646.84272,4.26
171109.00,025.12,3250.73994,09646.84623,3.27
171109.00,019.58,3250.73994,09646.84623,5.15
171110.00,019.58,3250.74007,09646.84848,2.73
171110.00,012.82,3250.74007,09646.84848,1.29
171111.00,007.30,3250.74026,09646.84982,0.894
171112.00,004.82,3250.74054,09646.85068,0.0235
171112.00,004.82,3250.74054,09646.85068,0.00
171112.00,004.82,3250.74054,09646.85068,0.00
171113.00,004.82,3250.74088,09646.85151,3.32
171113.00,005.06,3250.74088,09646.85151,5.17
171114.00,005.06,3250.74155,09646.85236,5.15
171114.00,006.36,3250.74155,09646.85236,5.15
171115.00,008.26,3250.74254,09646.85313,5.10
171115.00,008.26,3250.74254,09646.85313,1.46
171116.00,010.06,3250.74390,09646.85359,0.894
171116.00,010.06,3250.74390,09646.85359,0.0941
171118.00,011.44,3250.74716,09646.85376,0.823
171118.00,011.44,3250.74716,09646.85376,0.00
171118.00,011.44,3250.74716,09646.85376,0.00
171118.00,011.44,3250.74716,09646.85376,5.08
171119.00,010.86,3250.74871,09646.85362,5.17
171119.00,010.86,3250.74871,09646.85362,5.15
171120.00,010.86,3250.74999,09646.85332,5.15
171120.00,009.26,3250.74999,09646.85332,4.42
171121.00,008.73,3250.75122,09646.85313,0.988
171121.00,008.73,3250.75122,09646.85313,0.306
171122.00,007.07,3250.75221,09646.85290,0.894
171122.00,007.07,3250.75221,09646.85290,0.776
171123.00,006.15,3250.75307,09646.85282,0.0941
171123.00,006.15,3250.75307,09646.85282,1.03
171124.00,004.29,3250.75372,09646.85264,5.13
171124.00,004.29,3250.75372,09646.85264,5.15
171125.00,002.36,3250.75407,09646.85265,5.15
171125.00,002.36,3250.75407,09646.85265,3.90
171125.00,002.36,3250.75407,09646.85265,0.87
171126.00,001.53,3250.75429,09646.85261,0.988
171127.00,001.20,3250.75444,09646.85247,0.0235
171127.00,001.20,3250.75444,09646.85247,0.87
171127.00,001.20,3250.75444,09646.85247,0.917
171128.00,003.82,3250.75498,09646.85240,1.74
171129.00,008.76,3250.75627,09646.85237,2.59
171129.00,008.76,3250.75627,09646.85237,4.99
171130.00,009.63,3250.75769,09646.85230,4.61
171130.00,009.63,3250.75769,09646.85230,4.82
171131.00,012.23,3250.75952,09646.85228,4.96
171131.00,012.23,3250.75952,09646.85228,1.53
171132.00,015.02,3250.76175,09646.85225,0.894
171133.00,015.02,3250.76409,09646.85229,0.87
171133.00,016.01,3250.76409,09646.85229,0.0235
171133.00,016.01,3250.76409,09646.85229,0.894
171134.00,017.20,3250.76662,09646.85220,1.25
171134.00,017.20,3250.76662,09646.85220,5.13
171135.00,017.73,3250.76926,09646.85199,3.46
171135.00,017.73,3250.76926,09646.85199,2.78
171136.00,017.73,3250.77215,09646.85191,4.54
171136.00,019.58,3250.77215,09646.85191,4.45
171137.00,020.75,3250.77523,09646.85173,0.988
171137.00,020.75,3250.77523,09646.85173,0.635
171138.00,021.71,3250.77847,09646.85158,0.847
171139.00,020.39,3250.78151,09646.85171,0.0235
171139.00,020.39,3250.78151,09646.85171,0.00
171139.00,020.39,3250.78151,09646.85171,1.29
171140.00,019.49,3250.78441,09646.85157,4.56
171140.00,019.49,3250.78441,09646.85157,4.05
171141.00,017.10,3250.78695,09646.85131,4.61
171141.00,017.10,3250.78695,09646.85131,4.56
171142.00,013.94,3250.78901,09646.85115,2.85
171142.00,013.94,3250.78901,09646.85115,1.29
171143.00,008.62,3250.79030,09646.85100,0.894
171144.00,008.34,3250.79157,09646.85090,0.894
171144.00,008.34,3250.79157,09646.85090,0.00
171145.00,007.88,3250.79277,09646.85086,0.894
171145.00,007.88,3250.79277,09646.85086,2.35
171145.00,007.88,3250.79277,09646.85086,5.15
171146.00,006.78,3250.79384,09646.85083,5.15
171146.00,006.78,3250.79384,09646.85083,5.15
171147.00,000.59,3250.79392,09646.85069,5.10
171148.00,000.59,3250.79386,09646.85065,1.53
171148.00,000.00,3250.79386,09646.85065,1.01
171148.00,000.00,3250.79386,09646.85065,0.894
171149.00,000.00,3250.79386,09646.85059,0.0235
171150.00,000.00,3250.79387,09646.85053,1.76
171150.00,000.00,3250.79387,09646.85053,0.0235
171150.00,000.00,3250.79387,09646.85053,4.70
171151.00,000.00,3250.79388,09646.85055,5.13
171151.00,000.00,3250.79388,09646.85055,5.15
171152.00,002.85,3250.79439,09646.85060,5.13
171153.00,006.42,3250.79539,09646.85048,4.42
171153.00,006.42,3250.79539,09646.85048,0.941
171154.00,006.42,3250.79663,09646.84993,0.4
171154.00,008.60,3250.79663,09646.84993,0.894
171155.00,010.15,3250.79768,09646.84861,0.87
171155.00,010.15,3250.79768,09646.84861,0.0235
171155.00,010.15,3250.79768,09646.84861,2.68
171156.00,011.00,3250.79833,09646.84684,5.15
171156.00,011.00,3250.79833,09646.84684,5.08
171157.00,013.16,3250.79840,09646.84458,5.15
171158.00,013.16,3250.79843,09646.84196,5.03
171158.00,015.59,3250.79843,09646.84196,2.78
171159.00,017.08,3250.79850,09646.83912,1.20
171159.00,017.08,3250.79850,09646.83912,0.894
171200.00,017.08,3250.79853,09646.83601,0.329
171200.00,018.49,3250.79853,09646.83601,0.564
171201.00,020.29,3250.79852,09646.83258,1.76
171201.00,020.29,3250.79852,09646.83258,2.49
171202.00,020.29,3250.79863,09646.82880,3.53
171202.00,021.94,3250.79863,09646.82880,3.93
171203.00,021.94,3250.79873,09646.82482,4.35
171203.00,023.18,3250.79873,09646.82482,3.13
171204.00,024.64,3250.79887,09646.82057,1.32
171204.00,024.64,3250.79887,09646.82057,0.8
171205.00,024.64,3250.79893,09646.81622,0.894
171205.00,025.26,3250.79893,09646.81622,1.69
171206.00,026.45,3250.79896,09646.81165,0.87
171206.00,026.45,3250.79896,09646.81165,0.894
171207.00,026.45,3250.79903,09646.80698,1.72
171208.00,027.52,3250.79908,09646.80222,2.09
171208.00,027.52,3250.79908,09646.80222,0.00
171208.00,027.52,3250.79908,09646.80222,1.69
171208.00,027.52,3250.79908,09646.80222,3.08
171208.00,027.52,3250.79908,09646.80222,1.01
171210.00,028.01,3250.79921,09646.79245,0.588
171210.00,028.01,3250.79921,09646.79245,0.87
171210.00,028.01,3250.79921,09646.79245,1.03
171210.00,028.01,3250.79921,09646.79245,1.53
171212.00,028.29,3250.79913,09646.78260,1.48
171212.00,028.29,3250.79913,09646.78260,2.70
171213.00,028.39,3250.79911,09646.77762,3.13
171213.00,028.39,3250.79911,09646.77762,2.80
171214.00,028.39,3250.79904,09646.77267,3.81
171214.00,028.39,3250.79904,09646.77267,2.12
171215.00,027.00,3250.79905,09646.76794,1.29
171215.00,027.00,3250.79905,09646.76794,0.823
171216.00,025.41,3250.79901,09646.76349,0.0235
171216.00,025.41,3250.79901,09646.76349,0.823
171217.00,024.39,3250.79900,09646.75918,0.847
171217.00,024.39,3250.79900,09646.75918,1.88
171218.00,023.30,3250.79903,09646.75507,3.93
171218.00,023.30,3250.79903,09646.75507,4.14
171219.00,021.26,3250.79909,09646.75131,4.14
171219.00,021.26,3250.79909,09646.75131,4.85
171220.00,016.69,3250.79904,09646.74834,1.29
171220.00,016.69,3250.79904,09646.74834,0.894
171221.00,009.22,3250.79887,09646.74670,0.823
171221.00,009.22,3250.79887,09646.74670,0.776
171222.00,005.38,3250.79874,09646.74578,0.894
171222.00,005.38,3250.79874,09646.74578,1.01
171223.00,005.54,3250.79848,09646.74484,5.15
171223.00,005.54,3250.79848,09646.74484,5.06
171224.00,008.18,3250.79790,09646.74359,1.76
171224.00,008.18,3250.79790,09646.74359,2.94
171225.00,009.14,3250.79677,09646.74267,4.35
171225.00,009.14,3250.79677,09646.74267,1.11
171226.00,010.34,3250.79525,09646.74236,0.188
171226.00,010.34,3250.79525,09646.74236,0.847
171228.00,013.73,3250.79146,09646.74255,0.0235
171228.00,013.73,3250.79146,09646.74255,0.00
171228.00,013.73,3250.79146,09646.74255,1.86
171228.00,013.73,3250.79146,09646.74255,4.99
171229.00,015.69,3250.78919,09646.74266,3.39
171229.00,015.69,3250.78919,09646.74266,4.68
171230.00,016.76,3250.78672,09646.74280,5.13
171230.00,016.76,3250.78672,09646.74280,2.14
171231.00,017.59,3250.78416,09646.74273,1.32
171231.00,017.59,3250.78416,09646.74273,0.894
171232.00,017.28,3250.78162,09646.74297,0.0235
171232.00,017.28,3250.78162,09646.74297,0.87
171233.00,020.02,3250.77864,09646.74299,1.65
171233.00,020.02,3250.77864,09646.74299,1.72
171234.00,020.41,3250.77557,09646.74298,3.53
171235.00,019.63,3250.77265,09646.74282,3.18
171235.00,019.63,3250.77265,09646.74282,0.00
171235.00,019.63,3250.77265,09646.74282,2.16
171236.00,021.15,3250.76944,09646.74275,1.39
171237.00,022.14,3250.76611,09646.74283,0.894
171237.00,022.14,3250.76611,09646.74283,0.00
171237.00,022.14,3250.76611,09646.74283,0.894
171238.00,020.86,3250.76299,09646.74260,0.894
171238.00,020.86,3250.76299,09646.74260,1.58
171239.00,021.60,3250.75974,09646.74267,3.46
171239.00,021.60,3250.75974,09646.74267,3.48
171240.00,021.45,3250.75652,09646.74304,3.60
171240.00,021.45,3250.75652,09646.74304,3.67
171241.00,020.93,3250.75335,09646.74307,3.95
171242.00,019.58,3250.75037,09646.74323,1.27
171242.00,019.58,3250.75037,09646.74323,0.00
171242.00,019.58,3250.75037,09646.74323,0.659
171243.00,017.52,3250.74771,09646.74328,0.87
171243.00,017.52,3250.74771,09646.74328,0.212
171244.00,013.14,3250.74573,09646.74338,2.82
171244.00,013.14,3250.74573,09646.74338,5.13
171245.00,006.48,3250.74474,09646.74356,5.13
171245.00,006.48,3250.74474,09646.74356,3.60
171246.00,004.54,3250.74410,09646.74391,5.15
171246.00,004.54,3250.74410,09646.74391,2.70
171247.00,007.01,3250.74310,09646.74453,1.08
171248.00,009.21,3250.74219,09646.74581,0.588
171248.00,009.21,3250.74219,09646.74581,0.894
171249.00,009.21,3250.74152,09646.74824,0.87
171249.00,014.21,3250.74152,09646.74824,1.79
171249.00,014.21,3250.74152,09646.74824,2.42
171250.00,017.47,3250.74098,09646.75119,5.13
171251.00,017.47,3250.74100,09646.75466,4.21
171251.00,019.67,3250.74100,09646.75466,3.36
171251.00,019.67,3250.74100,09646.75466,5.13
171252.00,021.54,3250.74101,09646.75841,1.06
171253.00,022.89,3250.74097,09646.76239,0.941
171253.00,022.89,3250.74097,09646.76239,0.87
171255.00,023.75,3250.74076,09646.77114,0.0235
171255.00,023.75,3250.74076,09646.77114,0.00
171255.00,023.75,3250.74076,09646.77114,0.4
171255.00,025.52,3250.74076,09646.77114,4.75
171256.00,025.52,3250.74087,09646.77581,4.28
171256.00,026.48,3250.74087,09646.77581,1.25
171257.00,026.48,3250.74073,09646.78079,2.89
171257.00,028.47,3250.74073,09646.78079,3.74
171258.00,029.09,3250.74066,09646.78589,1.39
171258.00,029.09,3250.74066,09646.78589,0.0235
171259.00,029.01,3250.74064,09646.79103,0.894
171259.00,029.01,3250.74064,09646.79103,0.87
171300.00,030.09,3250.74066,09646.79638,0.87
171300.00,030.09,3250.74066,09646.79638,1.46
171301.00,030.53,3250.74062,09646.80178,4.37
171301.00,030.53,3250.74062,09646.80178,3.27
171302.00,030.67,3250.74045,09646.80722,3.22
171302.00,030.67,3250.74045,09646.80722,2.52
171303.00,031.70,3250.74045,09646.81286,1.91
171303.00,031.70,3250.74045,09646.81286,1.03
171304.00,031.27,3250.74011,09646.81837,0.894
171304.00,031.27,3250.74011,09646.81837,1.20
171305.00,031.21,3250.74000,09646.82387,0.235
171305.00,031.21,3250.74000,09646.82387,0.00
171306.00,030.55,3250.73999,09646.82928,2.35
171306.00,030.55,3250.73999,09646.82928,3.62
171307.00,029.59,3250.73994,09646.83454,4.75
171307.00,029.59,3250.73994,09646.83454,4.61
171308.00,027.46,3250.73992,09646.83943,3.79
171308.00,027.46,3250.73992,09646.83943,1.01
171309.00,023.51,3250.73991,09646.84360,0.941
171309.00,023.51,3250.73991,09646.84360,0.894
171311.00,016.50,3250.74053,09646.84999,0.0235
171311.00,016.50,3250.74053,09646.84999,0.00
171311.00,016.50,3250.74053,09646.84999,0.4
171311.00,016.50,3250.74053,09646.84999,4.23
171312.00,014.15,3250.74148,09646.85223,4.66
171312.00,014.15,3250.74148,09646.85223,5.03
171313.00,014.04,3250.74321,09646.85353,5.15
171313.00,014.04,3250.74321,09646.85353,3.72
171314.00,014.06,3250.74525,09646.85392,1.39
171314.00,014.06,3250.74525,09646.85392,0.188
171315.00,015.68,3250.74750,09646.85367,0.706
171316.00,017.02,3250.74991,09646.85336,0.0235
171316.00,017.02,3250.74991,09646.85336,0.376
171316.00,017.02,3250.74991,09646.85336,3.20
171317.00,017.66,3250.75244,09646.85311,5.06
171317.00,017.66,3250.75244,09646.85311,4.85
171318.00,018.29,3250.75510,09646.85267,4.23
171318.00,018.29,3250.75510,09646.85267,4.59
171319.00,020.71,3250.75815,09646.85270,2.30
171319.00,020.71,3250.75815,09646.85270,0.87
171321.00,023.43,3250.76480,09646.85275,0.0235
171321.00,023.43,3250.76480,09646.85275,0.00
171321.00,023.43,3250.76480,09646.85275,0.00
171321.00,023.43,3250.76480,09646.85275,0.00
171321.00,023.43,3250.76480,09646.85275,4.28
171323.00,023.48,3250.77163,09646.85251,1.93
171323.00,022.66,3250.77163,09646.85251,2.00
171323.00,022.66,3250.77163,09646.85251,4.89
171324.00,021.95,3250.77487,09646.85245,4.26
171324.00,021.95,3250.77487,09646.85245,0.847
171325.00,021.67,3250.77803,09646.85227,0.894
171327.00,021.19,3250.78431,09646.85206,0.917
171327.00,021.19,3250.78431,09646.85206,0.00
171327.00,021.19,3250.78431,09646.85206,0.00
171327.00,021.19,3250.78431,09646.85206,1.01
171327.00,021.19,3250.78431,09646.85206,4.47
171328.00,021.72,3250.78754,09646.85224,5.03
171328.00,021.72,3250.78754,09646.85224,4.42
171330.00,015.67,3250.79269,09646.85183,4.33
171330.00,015.67,3250.79269,09646.85183,0.00
171330.00,015.67,3250.79269,09646.85183,0.87
171331.00,011.32,3250.79436,09646.85158,1.76
171331.00,011.32,3250.79436,09646.85158,0.988
171332.00,011.32,3250.79545,09646.85140,1.65
171332.00,007.14,3250.79545,09646.85140,0.0235
171332.00,007.14,3250.79545,09646.85140,0.4
171333.00,006.18,3250.79639,09646.85122,2.78
171333.00,006.18,3250.79639,09646.85122,5.13
171334.00,006.48,3250.79731,09646.85076,5.13
171334.00,006.48,3250.79731,09646.85076,5.13
171335.00,008.32,3250.79828,09646.84980,5.15
171336.00,009.94,3250.79890,09646.84815,0.329
171336.00,009.94,3250.79890,09646.84815,0.87
171337.00,011.81,3250.79907,09646.84606,1.76
171337.00,011.81,3250.79907,09646.84606,0.894
171338.00,014.64,3250.79912,09646.84356,1.76
171338.00,014.64,3250.79912,09646.84356,1.36
171339.00,016.98,3250.79919,09646.84072,0.4
171339.00,016.98,3250.79919,09646.84072,0.447
171339.00,016.98,3250.79919,09646.84072,3.93
171339.00,016.98,3250.79919,09646.84072,3.86
171341.00,018.33,3250.79940,09646.83410,3.62
171341.00,020.07,3250.79940,09646.83410,3.25
171341.00,020.07,3250.79940,09646.83410,1.43
171342.00,021.95,3250.79948,09646.83032,0.988
171343.00,021.95,3250.79953,09646.82617,0.541
171343.00,023.95,3250.79953,09646.82617,0.894
171344.00,023.95,3250.79963,09646.82176,0.588
171344.00,025.39,3250.79963,09646.82176,0.259
171345.00,025.39,3250.79964,09646.81712,2.87
171345.00,026.57,3250.79964,09646.81712,3.01
171346.00,026.57,3250.79965,09646.81231,2.14
171346.00,027.73,3250.79965,09646.81231,2.73
171347.00,027.73,3250.79967,09646.80747,2.78
171347.00,027.86,3250.79967,09646.80747,0.988
171348.00,028.77,3250.79967,09646.80243,0.753
171348.00,028.77,3250.79967,09646.80243,0.847
171349.00,029.38,3250.79967,09646.79729,0.823
171350.00,029.38,3250.79965,09646.79198,0.894
171350.00,029.38,3250.79965,09646.79198,0.0706
171351.00,030.11,3250.79962,09646.78671,3.41
171351.00,030.11,3250.79962,09646.78671,0.00
171351.00,030.11,3250.79962,09646.78671,2.87
171352.00,030.63,3250.79950,09646.78134,3.20
171352.00,030.63,3250.79950,09646.78134,2.09
171353.00,029.71,3250.79950,09646.77614,1.22
171353.00,029.71,3250.79950,09646.77614,0.612
171354.00,028.48,3250.79955,09646.77116,0.306
171354.00,028.48,3250.79955,09646.77116,0.00
171355.00,026.44,3250.79961,09646.76649,0.847
171355.00,026.44,3250.79961,09646.76649,1.51
171356.00,025.23,3250.79969,09646.76207,2.92
171356.00,025.23,3250.79969,09646.76207,3.36
171357.00,024.68,3250.79969,09646.75772,3.86
171357.00,024.68,3250.79969,09646.75772,3.08
171358.00,023.60,3250.79964,09646.75353,2.07
171358.00,023.60,3250.79964,09646.75353,0.447
171359.00,020.70,3250.79949,09646.74990,0.87
171359.00,020.70,3250.79949,09646.74990,0.00
171400.00,013.10,3250.79937,09646.74761,0.894
171400.00,013.10,3250.79937,09646.74761,0.917
171401.00,006.32,3250.79925,09646.74648,5.13
171401.00,006.32,3250.79925,09646.74648,5.17
171402.00,005.62,3250.79901,09646.74552,5.15
171402.00,005.62,3250.79901,09646.74552,5.13
171403.00,006.98,3250.79853,09646.74440,4.87
171403.00,006.98,3250.79853,09646.74440,0.517
171404.00,008.57,3250.79756,09646.74340,0.753
171404.00,008.57,3250.79756,09646.74340,0.87
171405.00,009.91,3250.79617,09646.74290,0.517
171406.00,011.94,3250.79444,09646.74288,1.25
171406.00,011.94,3250.79444,09646.74288,1.48
171406.00,011.94,3250.79444,09646.74288,5.15
171407.00,014.69,3250.79232,09646.74298,4.54
171407.00,014.69,3250.79232,09646.74298,5.08
171408.00,017.08,3250.78981,09646.74316,4.00
171408.00,017.08,3250.78981,09646.74316,1.81
171409.00,018.61,3250.78708,09646.74326,1.76
171409.00,018.61,3250.78708,09646.74326,0.847
171410.00,018.77,3250.78435,09646.74333,1.72
171411.00,018.97,3250.78155,09646.74325,0.0235
171411.00,018.97,3250.78155,09646.74325,0.00
171411.00,018.97,3250.78155,09646.74325,1.62
171412.00,019.38,3250.77864,09646.74319,4.73
171412.00,019.38,3250.77864,09646.74319,4.40
171413.00,018.02,3250.77599,09646.74312,4.16
171413.00,018.02,3250.77599,09646.74312,4.14
171414.00,017.22,3250.77340,09646.74293,1.95
171415.00,017.15,3250.77081,09646.74289,0.894
171415.00,017.15,3250.77081,09646.74289,0.87
171416.00,017.74,3250.76815,09646.74278,0.0235
171416.00,017.74,3250.76815,09646.74278,0.00
171416.00,017.74,3250.76815,09646.74278,0.00
171417.00,017.36,3250.76551,09646.74284,3.08
171417.00,017.36,3250.76551,09646.74284,4.14
171418.00,015.88,3250.76309,09646.74283,5.06
171418.00,015.88,3250.76309,09646.74283,4.99
171419.00,015.30,3250.76073,09646.74285,4.75
171419.00,015.30,3250.76073,09646.74285,0.494
171420.00,014.47,3250.75853,09646.74308,0.8
171421.00,013.89,3250.75641,09646.74302,0.894
171421.00,013.89,3250.75641,09646.74302,0.47
171422.00,013.89,3250.75463,09646.74319,1.32
171422.00,011.38,3250.75463,09646.74319,0.353
171422.00,011.38,3250.75463,09646.74319,5.13
171423.00,008.00,3250.75352,09646.74385,5.10
171423.00,008.00,3250.75352,09646.74385,3.58
171424.00,008.28,3250.75276,09646.74501,5.10
171425.00,008.28,3250.75231,09646.74592,2.99
171425.00,005.67,3250.75231,09646.74592,1.25
171426.00,001.95,3250.75227,09646.74628,0.776
171426.00,001.95,3250.75227,09646.74628,0.87
171426.00,001.95,3250.75227,09646.74628,0.917
171427.00,000.29,3250.75227,09646.74632,0.917
171427.00,000.29,3250.75227,09646.74632,2.00
171428.00,000.00,3250.75218,09646.74643,5.13
171428.00,000.00,3250.75218,09646.74643,5.15
171429.00,000.65,3250.75222,09646.74635,5.15
171430.00,000.65,3250.75209,09646.74635,5.13
171430.00,000.53,3250.75209,09646.74635,1.62
171431.00,000.00,3250.75217,09646.74640,0.894
171431.00,000.00,3250.75217,09646.74640,0.00
171433.00,000.00,3250.75221,09646.74652,0.917
171433.00,000.00,3250.75221,09646.74652,0.00
171433.00,000.00,3250.75221,09646.74652,0.047
171433.00,000.00,3250.75221,09646.74652,5.13
171434.00,000.00,3250.75227,09646.74648,5.15
171434.00,000.00,3250.75227,09646.74648,2.09
171435.00,000.00,3250.75231,09646.74641,3.06
171435.00,000.00,3250.75231,09646.74641,4.66
171436.00,000.00,3250.75234,09646.74637,0.823
171436.00,000.00,3250.75234,09646.74637,0.423
171436.00,000.00,3250.75234,09646.74637,0.87
171437.00,000.00,3250.75235,09646.74627,0.823
171438.00,000.00,3250.75232,09646.74618,0.541
171438.00,000.00,3250.75232,09646.74618,1.32
171438.00,000.00,3250.75232,09646.74618,5.17
171442.00,000.00,3250.75242,09646.74589,4.54
171442.00,000.00,3250.75242,09646.74589,5.15
164744.00,000.00,3250.75291,09646.74751,5.13
164744.00,000.00,3250.75291,09646.74751,5.15
164745.00,000.00,3250.75293,09646.74751,3.29
164745.00,000.00,3250.75293,09646.74751,1.69
164746.00,000.00,3250.75291,09646.74753,5.15
164746.00,000.00,3250.75291,09646.74753,5.15
164747.00,000.00,3250.75290,09646.74756,5.13
164747.00,000.00,3250.75290,09646.74756,5.15
164748.00,000.00,3250.75288,09646.74761,3.76
164748.00,000.00,3250.75288,09646.74761,1.69
164749.00,000.00,3250.75290,09646.74761,5.13
164749.00,000.00,3250.75290,09646.74761,5.13
164750.00,000.00,3250.75289,09646.74765,5.15
164750.00,000.00,3250.75289,09646.74765,5.13
164751.00,000.00,3250.75290,09646.74766,5.03
164751.00,000.00,3250.75290,09646.74766,5.24
164752.00,000.00,3250.75292,09646.74767,5.10
164752.00,000.00,3250.75292,09646.74767,5.13
164753.00,000.00,3250.75287,09646.74770,5.15
164753.00,000.00,3250.75287,09646.74770,5.15
164754.00,000.00,3250.75285,09646.74772,5.10
164755.00,000.00,3250.75283,09646.74773,5.15
164755.00,000.00,3250.75283,09646.74773,5.15
164755.00,000.00,3250.75283,09646.74773,5.10
164756.00,000.00,3250.75281,09646.74774,5.15
164757.00,000.00,3250.75279,09646.74774,5.13
164757.00,000.00,3250.75279,09646.74774,5.13
164758.00,000.00,3250.75277,09646.74774,5.15
164758.00,000.00,3250.75277,09646.74774,5.15
164759.00,000.00,3250.75276,09646.74774,5.15
164759.00,000.00,3250.75276,09646.74774,5.13
164800.00,000.00,3250.75285,09646.74775,5.13
164800.00,000.81,3250.75285,09646.74775,5.13
164801.00,000.81,3250.75285,09646.74769,5.15
164801.00,000.37,3250.75285,09646.74769,4.85
164802.00,000.37,3250.75283,09646.74774,1.69
164802.00,000.00,3250.75283,09646.74774,5.13
164803.00,000.00,3250.75284,09646.74772,5.15
164803.00,000.00,3250.75284,09646.74772,5.13
164803.00,000.00,3250.75284,09646.74772,5.15
164804.00,000.00,3250.75284,09646.74773,5.15
164805.00,000.00,3250.75287,09646.74773,5.15
164805.00,000.00,3250.75287,09646.74773,5.13
164806.00,000.00,3250.75288,09646.74774,5.15
164806.00,000.00,3250.75288,09646.74774,5.10
164807.00,000.25,3250.75289,09646.74769,5.15
164807.00,000.25,3250.75289,09646.74769,5.13
164808.00,000.49,3250.75287,09646.74769,5.13
164808.00,000.49,3250.75287,09646.74769,5.15
164809.00,001.13,3250.75272,09646.74775,5.15
164809.00,001.13,3250.75272,09646.74775,5.13
164810.00,003.23,3250.75229,09646.74754,5.13
164810.00,003.23,3250.75229,09646.74754,5.13
164811.00,006.09,3250.75136,09646.74742,5.10
164811.00,006.09,3250.75136,09646.74742,5.13
164812.00,005.70,3250.75051,09646.74727,5.06
164812.00,005.70,3250.75051,09646.74727,5.15
164813.00,006.88,3250.74948,09646.74715,5.13
164813.00,006.88,3250.74948,09646.74715,5.13
164814.00,007.18,3250.74840,09646.74704,5.15
164814.00,007.18,3250.74840,09646.74704,5.10
164815.00,008.79,3250.74709,09646.74695,5.13
164815.00,008.79,3250.74709,09646.74695,4.85
164816.00,011.43,3250.74538,09646.74683,4.77
164816.00,011.43,3250.74538,09646.74683,5.10
164817.00,012.03,3250.74358,09646.74680,5.01
164817.00,012.03,3250.74358,09646.74680,4.82
164818.00,007.07,3250.74254,09646.74683,4.73
164818.00,007.07,3250.74254,09646.74683,4.54
164819.00,002.31,3250.74220,09646.74685,5.15
164819.00,002.31,3250.74220,09646.74685,5.13
164820.00,003.76,3250.74161,09646.74693,5.17
164820.00,003.76,3250.74161,09646.74693,5.08
164821.00,008.21,3250.74053,09646.74757,2.92
164821.00,008.21,3250.74053,09646.74757,4.66
164822.00,010.88,3250.73947,09646.74896,4.52
164822.00,010.88,3250.73947,09646.74896,4.05
164823.00,013.47,3250.73894,09646.75118,4.77
164823.00,013.47,3250.73894,09646.75118,4.82
164824.00,016.07,3250.73882,09646.75395,3.25
164824.00,016.07,3250.73882,09646.75395,4.87
164825.00,017.44,3250.73885,09646.75696,4.70
164825.00,017.44,3250.73885,09646.75696,4.30
164826.00,018.93,3250.73891,09646.76025,2.54
164826.00,018.93,3250.73891,09646.76025,4.49
164827.00,020.79,3250.73881,09646.76387,3.95
164827.00,020.79,3250.73881,09646.76387,3.93
164827.00,020.79,3250.73881,09646.76387,4.42
164828.00,023.13,3250.73843,09646.76789,3.36
164829.00,024.77,3250.73833,09646.77221,3.36
164829.00,024.77,3250.73833,09646.77221,3.13
164830.00,026.23,3250.73840,09646.77677,2.85
164830.00,026.23,3250.73840,09646.77677,3.13
164831.00,026.88,3250.73848,09646.78147,2.14
164831.00,026.88,3250.73848,09646.78147,1.81
164831.00,026.88,3250.73848,09646.78147,2.26
164832.00,027.15,3250.73847,09646.78621,1.27
164834.00,028.35,3250.73841,09646.79602,1.65
164834.00,028.35,3250.73841,09646.79602,0.00
164834.00,028.35,3250.73841,09646.79602,1.06
164834.00,028.35,3250.73841,09646.79602,2.92
164835.00,028.86,3250.73816,09646.80107,3.53
164835.00,028.86,3250.73816,09646.80107,4.45
164836.00,029.77,3250.73807,09646.80628,2.45
164837.00,029.77,3250.73820,09646.81152,1.88
164837.00,029.77,3250.73820,09646.81152,2.16
164838.00,029.84,3250.73832,09646.81686,1.41
164839.00,030.42,3250.73836,09646.82220,0.0235
164839.00,030.42,3250.73836,09646.82220,0.00
164839.00,030.42,3250.73836,09646.82220,0.988
164839.00,030.42,3250.73836,09646.82220,3.97
164840.00,030.21,3250.73848,09646.82752,4.68
164841.00,030.21,3250.73830,09646.83253,4.77
164841.00,028.67,3250.73830,09646.83253,4.66
164842.00,026.66,3250.73831,09646.83721,1.60
164842.00,026.66,3250.73831,09646.83721,2.09
164843.00,026.66,3250.73838,09646.84116,1.51
164844.00,018.86,3250.73849,09646.84447,1.20
164844.00,018.86,3250.73849,09646.84447,0.00
164844.00,018.86,3250.73849,09646.84447,0.00
164845.00,018.86,3250.73870,09646.84721,4.02
164845.00,015.50,3250.73870,09646.84721,5.15
164846.00,015.50,3250.73903,09646.84936,5.15
164846.00,012.13,3250.73903,09646.84936,5.15
164847.00,009.69,3250.73944,09646.85107,2.85
164847.00,009.69,3250.73944,09646.85107,1.18
164848.00,009.69,3250.74014,09646.85277,1.22
164848.00,010.27,3250.74014,09646.85277,2.33
164849.00,010.27,3250.74127,09646.85430,1.55
164849.00,011.36,3250.74127,09646.85430,2.00
164850.00,011.74,3250.74282,09646.85517,0.0235
164850.00,011.74,3250.74282,09646.85517,0.00
164851.00,011.74,3250.74440,09646.85527,4.30
164851.00,010.70,3250.74440,09646.85527,4.89
164852.00,010.70,3250.74602,09646.85514,4.85
164852.00,010.88,3250.74602,09646.85514,5.15
164853.00,011.17,3250.74766,09646.85506,3.10
164853.00,011.17,3250.74766,09646.85506,2.38
164854.00,011.09,3250.74927,09646.85496,1.39
164854.00,011.09,3250.74927,09646.85496,2.16
164855.00,011.08,3250.75088,09646.85492,0.0235
164855.00,011.08,3250.75088,09646.85492,0.00
164856.00,010.77,3250.75248,09646.85456,1.25
164856.00,010.77,3250.75248,09646.85456,5.13
164857.00,012.42,3250.75431,09646.85427,3.86
164857.00,012.42,3250.75431,09646.85427,1.55
164858.00,012.73,3250.75616,09646.85394,5.10
164858.00,012.73,3250.75616,09646.85394,2.66
164859.00,014.35,3250.75832,09646.85377,1.20
164859.00,014.35,3250.75832,09646.85377,2.35
164901.00,015.05,3250.76269,09646.85347,1.20
164901.00,015.05,3250.76269,09646.85347,0.00
164901.00,015.05,3250.76269,09646.85347,0.00
164901.00,015.05,3250.76269,09646.85347,2.66
164902.00,015.36,3250.76499,09646.85350,4.54
164902.00,015.36,3250.76499,09646.85350,4.92
164903.00,015.35,3250.76725,09646.85339,5.13
164903.00,015.35,3250.76725,09646.85339,4.82
164904.00,016.78,3250.76978,09646.85340,1.22
164904.00,016.78,3250.76978,09646.85340,2.35
164906.00,016.80,3250.77482,09646.85331,1.22
164906.00,016.80,3250.77482,09646.85331,0.00
164906.00,016.80,3250.77482,09646.85331,0.00
164906.00,016.80,3250.77482,09646.85331,0.00
164907.00,015.57,3250.77718,09646.85321,4.80
164907.00,015.57,3250.77718,09646.85321,4.96
164908.00,016.82,3250.77970,09646.85299,5.06
164908.00,016.82,3250.77970,09646.85299,4.66
164909.00,017.46,3250.78237,09646.85299,2.78
164909.00,017.46,3250.78237,09646.85299,2.47
164910.00,018.25,3250.78513,09646.85292,1.32
164910.00,018.25,3250.78513,09646.85292,2.30
164912.00,015.05,3250.78998,09646.85264,0.0235
164912.00,015.05,3250.78998,09646.85264,0.00
164912.00,015.05,3250.78998,09646.85264,0.894
164912.00,015.05,3250.78998,09646.85264,3.90
164913.00,014.49,3250.79223,09646.85258,4.68
164913.00,014.49,3250.79223,09646.85258,4.77
164914.00,011.80,3250.79402,09646.85249,4.99
164915.00,011.80,3250.79504,09646.85226,2.66
164915.00,006.32,3250.79504,09646.85226,1.22
164915.00,006.32,3250.79504,09646.85226,2.40
164917.00,006.01,3250.79653,09646.85177,0.0235
164917.00,006.01,3250.79653,09646.85177,0.00
164917.00,006.01,3250.79653,09646.85177,0.00
164917.00,006.01,3250.79653,09646.85177,3.27
164918.00,008.45,3250.79754,09646.85082,5.15
164918.00,008.45,3250.79754,09646.85082,5.17
164919.00,010.80,3250.79821,09646.84908,5.15
164920.00,010.80,3250.79837,09646.84677,4.85
164920.00,013.28,3250.79837,09646.84677,1.20
164921.00,013.28,3250.79827,09646.84406,2.40
164922.00,016.93,3250.79828,09646.84116,0.0235
164922.00,016.93,3250.79828,09646.84116,0.00
164922.00,016.93,3250.79828,09646.84116,0.00
164922.00,016.93,3250.79828,09646.84116,0.635
164923.00,018.01,3250.79843,09646.83804,5.15
164923.00,018.01,3250.79843,09646.83804,4.85
164924.00,018.66,3250.79846,09646.83484,4.96
164924.00,018.66,3250.79846,09646.83484,4.89
164925.00,019.61,3250.79852,09646.83148,2.89
164925.00,019.61,3250.79852,09646.83148,2.26
164928.00,023.84,3250.79864,09646.81955,1.25
164928.00,023.84,3250.79864,09646.81955,0.00
164928.00,023.84,3250.79864,09646.81955,0.00
164928.00,023.84,3250.79864,09646.81955,0.00
164928.00,023.84,3250.79864,09646.81955,1.20
164928.00,023.84,3250.79864,09646.81955,3.74
164929.00,025.08,3250.79879,09646.81515,3.62
164929.00,025.08,3250.79879,09646.81515,4.89
164930.00,025.18,3250.79897,09646.81075,4.47
164931.00,025.18,3250.79901,09646.80620,2.26
164931.00,026.01,3250.79901,09646.80620,1.46
164933.00,026.35,3250.79899,09646.79692,1.13
164933.00,026.35,3250.79899,09646.79692,0.00
164933.00,026.35,3250.79899,09646.79692,0.00
164933.00,026.35,3250.79899,09646.79692,0.00
164933.00,026.35,3250.79899,09646.79692,3.93
164934.00,026.50,3250.79894,09646.79224,3.86
164935.00,026.50,3250.79897,09646.78754,2.63
164935.00,026.72,3250.79897,09646.78754,2.89
164936.00,026.72,3250.79900,09646.78278,2.33
164936.00,027.07,3250.79900,09646.78278,1.39
164937.00,027.29,3250.79906,09646.77794,2.38
164938.00,026.57,3250.79918,09646.77328,0.0235
164938.00,026.57,3250.79918,09646.77328,0.00
164938.00,026.57,3250.79918,09646.77328,0.00
164939.00,026.57,3250.79925,09646.76859,0.964
164939.00,026.62,3250.79925,09646.76859,4.87
164940.00,026.62,3250.79937,09646.76382,4.92
164940.00,026.81,3250.79937,09646.76382,4.63
164941.00,025.76,3250.79932,09646.75928,5.10
164941.00,025.76,3250.79932,09646.75928,2.87
164941.00,025.76,3250.79932,09646.75928,2.28
164942.00,024.84,3250.79933,09646.75488,1.18
164944.00,015.26,3250.79924,09646.74840,0.0235
164944.00,015.26,3250.79924,09646.74840,0.00
164944.00,015.26,3250.79924,09646.74840,0.00
164944.00,015.26,3250.79924,09646.74840,1.98
164945.00,008.09,3250.79911,09646.74696,4.94
164945.00,008.09,3250.79911,09646.74696,5.13
164946.00,007.02,3250.79880,09646.74575,5.15
164946.00,007.02,3250.79880,09646.74575,5.13
164947.00,006.28,3250.79831,09646.74479,2.59
164947.00,006.28,3250.79831,09646.74479,1.25
164948.00,007.46,3250.79744,09646.74394,2.30
164949.00,008.43,3250.79628,09646.74339,1.22
164949.00,008.43,3250.79628,09646.74339,0.00
164949.00,008.43,3250.79628,09646.74339,0.00
164950.00,010.51,3250.79470,09646.74327,3.06
164950.00,010.51,3250.79470,09646.74327,5.17
164951.00,012.56,3250.79284,09646.74325,5.13
164951.00,012.56,3250.79284,09646.74325,4.89
164952.00,014.96,3250.79068,09646.74325,4.47
164952.00,014.96,3250.79068,09646.74325,1.20
164953.00,017.16,3250.78815,09646.74333,2.40
164955.00,019.45,3250.78261,09646.74364,1.15
164955.00,019.45,3250.78261,09646.74364,0.00
164955.00,019.45,3250.78261,09646.74364,0.00
164955.00,019.45,3250.78261,09646.74364,0.00
164955.00,019.45,3250.78261,09646.74364,3.15
164956.00,020.77,3250.77952,09646.74387,4.23
164956.00,020.77,3250.77952,09646.74387,3.18
164957.00,020.20,3250.77652,09646.74399,4.61
164957.00,020.20,3250.77652,09646.74399,2.54
164958.00,018.63,3250.77372,09646.74401,2.28
164959.00,018.63,3250.77061,09646.74370,1.25
165000.00,019.86,3250.76765,09646.74377,1.13
165000.00,019.86,3250.76765,09646.74377,0.00
165000.00,019.86,3250.76765,09646.74377,0.00
165000.00,019.86,3250.76765,09646.74377,1.48
165001.00,018.54,3250.76490,09646.74356,4.75
165001.00,018.54,3250.76490,09646.74356,3.69
165002.00,015.57,3250.76256,09646.74343,3.20
165002.00,015.57,3250.76256,09646.74343,3.83
165003.00,012.80,3250.76057,09646.74365,2.49
165003.00,012.80,3250.76057,09646.74365,1.25
165004.00,012.56,3250.75862,09646.74420,2.28
165006.00,009.21,3250.75626,09646.74457,1.18
165006.00,009.21,3250.75626,09646.74457,0.00
165006.00,009.21,3250.75626,09646.74457,0.00
165006.00,005.65,3250.75626,09646.74457,2.82
165006.00,005.65,3250.75626,09646.74457,5.08
165007.00,001.04,3250.75602,09646.74465,4.87
165007.00,001.04,3250.75602,09646.74465,5.13
165008.00,000.58,3250.75612,09646.74468,4.94
165008.00,000.58,3250.75612,09646.74468,1.20
165009.00,000.00,3250.75597,09646.74478,2.40
165011.00,000.00,3250.75587,09646.74506,0.0235
165011.00,000.00,3250.75587,09646.74506,0.00
165011.00,000.00,3250.75587,09646.74506,0.00
165011.00,000.00,3250.75587,09646.74506,0.282
165011.00,000.00,3250.75587,09646.74506,5.10
165012.00,000.00,3250.75584,09646.74515,5.13
165012.00,000.00,3250.75584,09646.74515,5.13
165013.00,000.00,3250.75578,09646.74526,5.13
